合约代码,更新时间,最新价,成交量,买价一,买量一,买价一,卖价一,卖量一,换手率
TF1706,10:40:48.500,99.31,3580,99.295,4,99.31,38,15823,3.55497e+009
TF1706,10:40:49.0,99.31,3585,99.3,3,99.31,33,15823,3.55993e+009
TF1706,10:40:49.500,99.3,3586,99.295,3,99.31,33,15822,3.56093e+009
TF1706,10:40:50.0,99.3,3587,99.295,3,99.305,1,15823,3.56192e+009
TF1706,10:40:50.500,99.305,3588,99.295,4,99.305,1,15823,3.56291e+009
TF1706,10:40:51.0,99.305,3589,99.3,1,99.31,33,15822,3.56391e+009
TF1706,10:40:54.500,99.305,3589,99.3,2,99.31,33,15822,3.56391e+009
TF1706,10:40:55.0,99.305,3589,99.3,2,99.31,33,15822,3.56391e+009
TF1706,10:40:57.500,99.305,3589,99.3,2,99.31,33,15822,3.56391e+009
TF1706,10:41:01.500,99.305,3589,99.3,3,99.31,33,15822,3.56391e+009
TF1706,10:41:02.0,99.305,3589,99.3,3,99.31,33,15822,3.56391e+009
TF1706,10:41:05.500,99.305,3589,99.3,3,99.31,33,15822,3.56391e+009
TF1706,10:41:07.500,99.305,3589,99.3,11,99.31,33,15822,3.56391e+009
TF1706,10:41:11.0,99.31,3594,99.305,1,99.31,28,15822,3.56887e+009
TF1706,10:41:11.500,99.305,3595,99.3,3,99.305,1,15822,3.56986e+009
TF1706,10:41:12.0,99.305,3595,99.305,1,99.31,28,15822,3.56986e+009
TF1706,10:41:12.500,99.305,3596,99.3,3,99.31,28,15822,3.57086e+009
TF1706,10:41:17.500,99.3,3599,99.295,4,99.3,22,15821,3.57384e+009
TF1706,10:41:18.0,99.3,3604,99.295,4,99.3,17,15817,3.5788e+009
TF1706,10:41:18.500,99.3,3604,99.295,3,99.3,17,15817,3.5788e+009
TF1706,10:41:21.500,99.3,3607,99.295,3,99.3,14,15814,3.58178e+009
TF1706,10:41:28.0,99.3,3607,99.295,13,99.3,14,15814,3.58178e+009
TF1706,10:41:31.0,99.3,3607,99.295,13,99.3,14,15814,3.58178e+009
TF1706,10:41:32.500,99.3,3607,99.295,13,99.3,14,15814,3.58178e+009
TF1706,10:41:34.500,99.3,3607,99.295,13,99.3,14,15814,3.58178e+009
TF1706,10:41:36.0,99.3,3607,99.295,13,99.3,14,15814,3.58178e+009
TF1706,10:41:39.500,99.3,3607,99.295,13,99.3,14,15814,3.58178e+009
TF1706,10:41:42.500,99.295,3614,99.295,6,99.3,14,15821,3.58873e+009
TF1706,10:41:43.0,99.295,3620,99.29,10,99.295,12,15822,3.59469e+009
TF1706,10:41:43.500,99.295,3620,99.29,10,99.295,2,15822,3.59469e+009
TF1706,10:41:44.0,99.295,3620,99.29,10,99.295,1,15822,3.59469e+009
TF1706,10:41:45.0,99.295,3620,99.29,9,99.295,1,15822,3.59469e+009
TF1706,10:41:45.500,99.295,3620,99.295,1,99.3,14,15822,3.59469e+009
TF1706,10:41:46.0,99.295,3621,99.295,1,99.3,14,15821,3.59568e+009
TF1706,10:41:48.0,99.295,3622,99.29,2,99.3,14,15820,3.59667e+009
TF1706,10:41:49.500,99.295,3622,99.295,6,99.3,14,15820,3.59667e+009
TF1706,10:41:50.0,99.295,3623,99.295,5,99.3,14,15820,3.59767e+009
TF1706,10:41:51.500,99.295,3623,99.295,5,99.3,15,15820,3.59767e+009
TF1706,10:41:54.500,99.295,3623,99.29,2,99.3,15,15820,3.59767e+009
TF1706,10:41:58.0,99.295,3623,99.29,2,99.3,43,15820,3.59767e+009
TF1706,10:41:58.500,99.295,3623,99.295,5,99.3,43,15820,3.59767e+009
TF1706,10:42:03.0,99.295,3623,99.295,5,99.3,43,15820,3.59767e+009
TF1706,10:42:03.500,99.295,3623,99.29,2,99.3,43,15820,3.59767e+009
TF1706,10:42:07.500,99.295,3623,99.295,5,99.3,43,15820,3.59767e+009
TF1706,10:42:09.0,99.295,3623,99.295,5,99.3,43,15820,3.59767e+009
TF1706,10:42:12.500,99.295,3623,99.29,3,99.3,43,15820,3.59767e+009
TF1706,10:42:16.500,99.3,3628,99.29,3,99.3,38,15815,3.60263e+009
TF1706,10:42:31.0,99.3,3628,99.295,40,99.3,38,15815,3.60263e+009
TF1706,10:42:37.0,99.295,3631,99.295,37,99.3,38,15817,3.60561e+009
TF1706,10:42:43.0,99.295,3631,99.295,37,99.3,39,15817,3.60561e+009
TF1706,10:42:43.500,99.295,3633,99.295,36,99.3,38,15817,3.6076e+009
TF1706,10:42:47.0,99.295,3635,99.295,34,99.3,46,15818,3.60958e+009
TF1706,10:42:47.500,99.295,3640,99.295,29,99.3,46,15820,3.61455e+009
TF1706,10:42:48.0,99.295,3644,99.295,25,99.3,46,15820,3.61852e+009
TF1706,10:42:48.500,99.295,3646,99.295,23,99.3,46,15822,3.62051e+009
TF1706,10:42:49.0,99.295,3650,99.295,19,99.3,55,15823,3.62448e+009
TF1706,10:42:50.0,99.295,3650,99.295,19,99.3,57,15823,3.62448e+009
TF1706,10:42:51.500,99.295,3651,99.295,18,99.3,57,15824,3.62547e+009
TF1706,10:42:52.0,99.295,3654,99.295,15,99.3,57,15827,3.62845e+009
TF1706,10:42:54.500,99.295,3654,99.295,15,99.3,56,15827,3.62845e+009
TF1706,10:43:00.500,99.295,3654,99.295,15,99.3,57,15827,3.62845e+009
TF1706,10:43:02.0,99.295,3654,99.295,15,99.3,55,15827,3.62845e+009
TF1706,10:43:02.500,99.295,3666,99.295,3,99.3,63,15829,3.64036e+009
TF1706,10:43:03.0,99.295,3669,99.29,3,99.295,1,15831,3.64334e+009
TF1706,10:43:03.500,99.29,3670,99.29,2,99.295,3,15832,3.64434e+009
TF1706,10:43:04.0,99.29,3672,99.285,3,99.295,11,15832,3.64632e+009
TF1706,10:43:04.500,99.29,3672,99.285,3,99.295,11,15832,3.64632e+009
TF1706,10:43:05.0,99.29,3672,99.285,3,99.295,12,15832,3.64632e+009
TF1706,10:43:05.500,99.29,3672,99.285,3,99.295,13,15832,3.64632e+009
TF1706,10:43:06.0,99.295,3673,99.285,3,99.295,7,15832,3.64731e+009
TF1706,10:43:07.500,99.295,3673,99.285,3,99.295,7,15832,3.64731e+009
TF1706,10:43:12.0,99.285,3674,99.285,2,99.295,7,15832,3.64831e+009
TF1706,10:43:12.500,99.295,3675,99.285,2,99.295,8,15832,3.6493e+009
TF1706,10:43:13.0,99.295,3675,99.285,2,99.295,9,15832,3.6493e+009
TF1706,10:43:15.0,99.295,3675,99.285,2,99.295,9,15832,3.6493e+009
TF1706,10:43:19.0,99.295,3675,99.285,2,99.295,9,15832,3.6493e+009
TF1706,10:43:20.500,99.295,3678,99.285,2,99.295,5,15831,3.65228e+009
TF1706,10:43:21.0,99.295,3678,99.285,3,99.295,7,15831,3.65228e+009
TF1706,10:43:21.500,99.295,3678,99.285,3,99.295,6,15831,3.65228e+009
TF1706,10:43:25.500,99.295,3678,99.285,3,99.295,6,15831,3.65228e+009
TF1706,10:43:27.0,99.285,3681,99.28,3,99.285,7,15832,3.65526e+009
TF1706,10:43:27.500,99.285,3691,99.285,12,99.295,4,15834,3.66519e+009
TF1706,10:43:28.0,99.285,3691,99.285,3,99.295,4,15834,3.66519e+009
TF1706,10:43:29.0,99.285,3691,99.285,3,99.295,5,15834,3.66519e+009
TF1706,10:43:31.0,99.285,3691,99.285,3,99.295,5,15834,3.66519e+009
TF1706,10:43:33.0,99.285,3694,99.28,3,99.285,7,15836,3.66816e+009
TF1706,10:43:33.500,99.285,3699,99.28,3,99.285,2,15838,3.67313e+009
TF1706,10:43:34.0,99.285,3701,99.28,2,99.295,5,15840,3.67511e+009
TF1706,10:43:34.500,99.285,3701,99.285,10,99.295,6,15840,3.67511e+009
TF1706,10:43:35.0,99.285,3701,99.285,10,99.295,6,15840,3.67511e+009
TF1706,10:43:35.500,99.285,3701,99.29,1,99.295,6,15840,3.67511e+009
TF1706,10:43:36.0,99.285,3701,99.29,2,99.295,6,15840,3.67511e+009
TF1706,10:43:37.0,99.29,3703,99.285,10,99.295,7,15840,3.6771e+009
TF1706,10:43:37.500,99.285,3707,99.285,6,99.295,7,15842,3.68107e+009
TF1706,10:43:41.0,99.285,3708,99.285,5,99.295,10,15842,3.68206e+009
TF1706,10:43:41.500,99.285,3711,99.285,2,99.29,2,15842,3.68504e+009
TF1706,10:43:42.0,99.285,3713,99.28,3,99.29,15,15842,3.68703e+009
TF1706,10:43:42.500,99.285,3713,99.28,3,99.29,15,15842,3.68703e+009
TF1706,10:43:43.0,99.285,3713,99.28,2,99.29,15,15842,3.68703e+009
TF1706,10:43:43.500,99.285,3713,99.28,2,99.29,15,15842,3.68703e+009
TF1706,10:43:44.500,99.285,3713,99.28,2,99.29,15,15842,3.68703e+009
TF1706,10:43:45.0,99.285,3713,99.28,2,99.285,2,15842,3.68703e+009
TF1706,10:43:45.500,99.285,3713,99.28,2,99.285,16,15842,3.68703e+009
TF1706,10:43:46.0,99.285,3713,99.28,1,99.285,16,15842,3.68703e+009
TF1706,10:43:46.500,99.28,3714,99.275,2,99.285,16,15842,3.68802e+009
TF1706,10:43:47.0,99.28,3714,99.275,2,99.285,16,15842,3.68802e+009
TF1706,10:43:47.500,99.28,3714,99.275,2,99.285,17,15842,3.68802e+009
TF1706,10:43:50.0,99.28,3714,99.275,2,99.285,15,15842,3.68802e+009
TF1706,10:43:50.500,99.285,3717,99.275,2,99.285,12,15839,3.691e+009
TF1706,10:43:51.0,99.285,3717,99.275,2,99.285,13,15839,3.691e+009
TF1706,10:43:51.500,99.285,3717,99.275,2,99.285,13,15839,3.691e+009
TF1706,10:43:52.500,99.285,3717,99.275,3,99.285,13,15839,3.691e+009
TF1706,10:43:54.500,99.285,3717,99.275,4,99.285,13,15839,3.691e+009
TF1706,10:43:56.0,99.285,3717,99.275,5,99.285,13,15839,3.691e+009
TF1706,10:43:57.0,99.285,3717,99.275,5,99.28,1,15839,3.691e+009
TF1706,10:43:57.500,99.28,3718,99.28,2,99.285,12,15838,3.69199e+009
TF1706,10:43:58.0,99.28,3718,99.28,1,99.285,3,15838,3.69199e+009
TF1706,10:43:59.0,99.28,3718,99.28,1,99.285,5,15838,3.69199e+009
TF1706,10:43:59.500,99.28,3718,99.28,1,99.285,4,15838,3.69199e+009
TF1706,10:44:00.0,99.28,3718,99.275,5,99.285,4,15838,3.69199e+009
TF1706,10:44:01.0,99.28,3718,99.275,5,99.285,6,15838,3.69199e+009
TF1706,10:44:03.0,99.28,3718,99.275,5,99.285,6,15838,3.69199e+009
TF1706,10:44:03.500,99.28,3718,99.275,5,99.285,6,15838,3.69199e+009
TF1706,10:44:08.500,99.28,3718,99.275,5,99.285,6,15838,3.69199e+009
TF1706,10:44:10.0,99.28,3718,99.275,6,99.285,6,15838,3.69199e+009
TF1706,10:44:14.0,99.28,3718,99.275,6,99.285,6,15838,3.69199e+009
TF1706,10:44:18.0,99.28,3718,99.275,6,99.285,6,15838,3.69199e+009
TF1706,10:44:18.500,99.28,3718,99.275,5,99.285,6,15838,3.69199e+009
TF1706,10:44:19.0,99.28,3718,99.275,5,99.285,5,15838,3.69199e+009
TF1706,10:44:19.500,99.28,3718,99.275,5,99.285,6,15838,3.69199e+009
TF1706,10:44:24.500,99.28,3718,99.275,5,99.285,6,15838,3.69199e+009
TF1706,10:44:30.0,99.28,3718,99.275,5,99.285,5,15838,3.69199e+009
TF1706,10:44:30.500,99.28,3718,99.28,1,99.285,5,15838,3.69199e+009
TF1706,10:44:32.500,99.28,3718,99.275,5,99.285,5,15838,3.69199e+009
TF1706,10:44:33.0,99.28,3718,99.28,1,99.285,5,15838,3.69199e+009
TF1706,10:44:43.0,99.28,3718,99.275,4,99.285,6,15838,3.69199e+009
TF1706,10:44:47.500,99.275,3719,99.275,3,99.285,17,15837,3.69299e+009
TF1706,10:44:48.0,99.275,3719,99.275,3,99.28,2,15837,3.69299e+009
TF1706,10:44:48.500,99.275,3719,99.275,2,99.28,4,15837,3.69299e+009
TF1706,10:44:49.0,99.28,3724,99.275,1,99.285,17,15839,3.69795e+009
TF1706,10:44:54.500,99.28,3724,99.275,2,99.285,20,15839,3.69795e+009
TF1706,10:44:57.0,99.28,3724,99.275,3,99.285,20,15839,3.69795e+009
TF1706,10:44:57.500,99.275,3726,99.275,1,99.285,25,15838,3.69994e+009
TF1706,10:44:58.0,99.275,3727,99.27,2,99.28,2,15839,3.70093e+009
TF1706,10:44:58.500,99.275,3727,99.27,2,99.28,4,15839,3.70093e+009
TF1706,10:45:03.0,99.275,3727,99.27,2,99.28,4,15839,3.70093e+009
TF1706,10:45:04.500,99.275,3727,99.27,12,99.28,4,15839,3.70093e+009
TF1706,10:45:07.0,99.275,3727,99.27,12,99.28,4,15839,3.70093e+009
TF1706,10:45:07.500,99.27,3728,99.27,11,99.28,4,15839,3.70192e+009
TF1706,10:45:08.0,99.27,3728,99.27,11,99.28,4,15839,3.70192e+009
TF1706,10:45:08.500,99.27,3728,99.27,11,99.28,5,15839,3.70192e+009
TF1706,10:45:13.500,99.27,3728,99.27,12,99.28,5,15839,3.70192e+009
TF1706,10:45:19.500,99.28,3733,99.28,1,99.285,21,15839,3.70688e+009
TF1706,10:45:20.0,99.285,3735,99.275,1,99.285,8,15839,3.70887e+009
TF1706,10:45:20.500,99.285,3735,99.275,2,99.285,15,15839,3.70887e+009
TF1706,10:45:21.0,99.285,3735,99.275,2,99.285,20,15839,3.70887e+009
TF1706,10:45:22.0,99.285,3735,99.275,2,99.285,20,15839,3.70887e+009
TF1706,10:45:22.500,99.285,3735,99.275,2,99.285,20,15839,3.70887e+009
TF1706,10:45:25.500,99.285,3735,99.275,2,99.285,17,15839,3.70887e+009
TF1706,10:45:26.0,99.285,3735,99.28,10,99.285,17,15839,3.70887e+009
TF1706,10:45:28.0,99.285,3735,99.28,10,99.285,20,15839,3.70887e+009
TF1706,10:45:28.500,99.285,3735,99.28,10,99.285,17,15839,3.70887e+009
TF1706,10:45:29.0,99.28,3736,99.28,9,99.285,15,15839,3.70986e+009
TF1706,10:45:29.500,99.28,3740,99.28,5,99.285,21,15843,3.71383e+009
TF1706,10:45:30.0,99.28,3740,99.28,5,99.285,18,15843,3.71383e+009
TF1706,10:45:33.0,99.28,3740,99.28,5,99.285,15,15843,3.71383e+009
TF1706,10:45:34.500,99.28,3740,99.28,5,99.285,15,15843,3.71383e+009
TF1706,10:45:35.0,99.285,3744,99.28,5,99.285,7,15840,3.71781e+009
TF1706,10:45:35.500,99.285,3744,99.28,6,99.285,4,15840,3.71781e+009
TF1706,10:45:36.500,99.285,3744,99.28,6,99.285,4,15840,3.71781e+009
TF1706,10:45:41.500,99.285,3744,99.28,16,99.285,4,15840,3.71781e+009
TF1706,10:45:42.0,99.285,3749,99.28,16,99.29,13,15843,3.72277e+009
TF1706,10:45:42.500,99.285,3749,99.28,16,99.29,13,15843,3.72277e+009
TF1706,10:45:43.0,99.285,3749,99.285,1,99.29,13,15843,3.72277e+009
TF1706,10:45:43.500,99.285,3749,99.285,2,99.29,13,15843,3.72277e+009
TF1706,10:45:44.0,99.285,3749,99.285,3,99.29,13,15843,3.72277e+009
TF1706,10:45:49.500,99.285,3749,99.285,3,99.29,13,15843,3.72277e+009
TF1706,10:45:51.0,99.285,3749,99.285,3,99.29,16,15843,3.72277e+009
TF1706,10:45:51.500,99.285,3749,99.285,1,99.29,16,15843,3.72277e+009
TF1706,10:45:53.0,99.285,3750,99.28,16,99.29,16,15842,3.72376e+009
TF1706,10:45:53.500,99.285,3750,99.28,16,99.285,2,15842,3.72376e+009
TF1706,10:45:54.0,99.285,3750,99.28,15,99.285,13,15842,3.72376e+009
TF1706,10:45:54.500,99.285,3750,99.28,15,99.285,11,15842,3.72376e+009
TF1706,10:46:00.0,99.285,3750,99.28,15,99.285,7,15842,3.72376e+009
TF1706,10:46:00.500,99.285,3751,99.28,15,99.285,6,15842,3.72476e+009
TF1706,10:46:01.0,99.285,3751,99.28,15,99.285,6,15842,3.72476e+009
TF1706,10:46:04.0,99.285,3751,99.28,15,99.285,6,15842,3.72476e+009
TF1706,10:46:04.500,99.285,3751,99.28,15,99.285,6,15842,3.72476e+009
TF1706,10:46:16.500,99.285,3751,99.28,15,99.285,10,15842,3.72476e+009
TF1706,10:46:27.500,99.285,3751,99.28,15,99.285,17,15842,3.72476e+009
TF1706,10:46:28.0,99.28,3753,99.28,13,99.285,17,15842,3.72674e+009
TF1706,10:46:29.0,99.285,3772,99.28,13,99.29,9,15861,3.74561e+009
TF1706,10:46:29.500,99.285,3772,99.28,13,99.29,7,15861,3.74561e+009
TF1706,10:46:30.0,99.285,3772,99.28,13,99.29,9,15861,3.74561e+009
TF1706,10:46:31.500,99.285,3772,99.28,13,99.29,9,15861,3.74561e+009
TF1706,10:46:35.500,99.285,3772,99.28,13,99.29,4,15861,3.74561e+009
TF1706,10:46:36.0,99.285,3772,99.285,1,99.29,9,15861,3.74561e+009
TF1706,10:46:36.500,99.285,3772,99.285,3,99.29,4,15861,3.74561e+009
TF1706,10:46:37.0,99.285,3772,99.285,3,99.29,9,15861,3.74561e+009
TF1706,10:46:46.0,99.285,3772,99.285,3,99.29,4,15861,3.74561e+009
TF1706,10:46:46.500,99.285,3772,99.285,3,99.29,3,15861,3.74561e+009
TF1706,10:46:52.500,99.285,3775,99.28,14,99.285,7,15862,3.74858e+009
TF1706,10:47:04.500,99.285,3775,99.28,14,99.285,9,15862,3.74858e+009
TF1706,10:47:05.0,99.28,3776,99.28,13,99.285,9,15863,3.74958e+009
TF1706,10:47:06.0,99.28,3786,99.28,3,99.285,14,15873,3.75951e+009
TF1706,10:47:06.500,99.28,3788,99.275,2,99.28,1,15873,3.76149e+009
TF1706,10:47:07.0,99.28,3788,99.275,2,99.28,2,15873,3.76149e+009
TF1706,10:47:11.0,99.275,3790,99.27,2,99.28,2,15873,3.76348e+009
TF1706,10:47:11.500,99.275,3790,99.27,2,99.28,3,15873,3.76348e+009
TF1706,10:47:12.0,99.275,3790,99.27,2,99.275,1,15873,3.76348e+009
TF1706,10:47:12.500,99.275,3790,99.27,2,99.275,1,15873,3.76348e+009
TF1706,10:47:13.500,99.275,3790,99.27,2,99.275,3,15873,3.76348e+009
TF1706,10:47:14.0,99.27,3791,99.27,1,99.275,3,15873,3.76447e+009
TF1706,10:47:14.500,99.27,3792,99.265,1,99.27,1,15873,3.76546e+009
TF1706,10:47:15.0,99.27,3792,99.265,2,99.27,5,15873,3.76546e+009
TF1706,10:47:17.500,99.27,3792,99.265,2,99.27,6,15873,3.76546e+009
TF1706,10:47:19.0,99.27,3792,99.265,2,99.27,7,15873,3.76546e+009
TF1706,10:47:19.500,99.27,3792,99.265,1,99.27,7,15873,3.76546e+009
TF1706,10:47:20.0,99.265,3793,99.26,5,99.265,9,15873,3.76645e+009
TF1706,10:47:20.500,99.265,3793,99.26,5,99.265,10,15873,3.76645e+009
TF1706,10:47:21.0,99.265,3793,99.26,5,99.265,10,15873,3.76645e+009
TF1706,10:47:22.500,99.265,3793,99.26,5,99.265,10,15873,3.76645e+009
TF1706,10:47:24.0,99.265,3793,99.26,6,99.265,10,15873,3.76645e+009
TF1706,10:47:24.500,99.265,3793,99.26,5,99.265,10,15873,3.76645e+009
TF1706,10:47:25.0,99.265,3803,99.26,6,99.27,4,15882,3.77638e+009
TF1706,10:47:25.500,99.27,3805,99.265,6,99.27,1,15882,3.77837e+009
TF1706,10:47:26.0,99.27,3806,99.27,8,99.275,4,15882,3.77936e+009
TF1706,10:47:26.500,99.27,3806,99.27,6,99.275,3,15882,3.77936e+009
TF1706,10:47:27.0,99.275,3809,99.275,4,99.28,2,15882,3.78234e+009
TF1706,10:47:27.500,99.275,3813,99.27,1,99.275,4,15880,3.78631e+009
TF1706,10:47:28.0,99.275,3813,99.265,5,99.275,1,15880,3.78631e+009
TF1706,10:47:28.500,99.275,3813,99.265,5,99.275,1,15880,3.78631e+009
TF1706,10:47:29.0,99.275,3813,99.265,5,99.275,1,15880,3.78631e+009
TF1706,10:47:30.500,99.275,3813,99.265,6,99.275,1,15880,3.78631e+009
TF1706,10:47:31.0,99.275,3813,99.265,6,99.275,1,15880,3.78631e+009
TF1706,10:47:35.500,99.275,3813,99.265,4,99.275,1,15880,3.78631e+009
TF1706,10:47:39.500,99.265,3814,99.265,3,99.275,1,15879,3.7873e+009
TF1706,10:47:40.0,99.265,3814,99.265,3,99.27,4,15879,3.7873e+009
TF1706,10:47:40.500,99.265,3817,99.26,6,99.265,1,15881,3.79028e+009
TF1706,10:47:41.0,99.265,3818,99.265,2,99.275,2,15881,3.79127e+009
TF1706,10:47:41.500,99.265,3819,99.26,6,99.265,9,15881,3.79226e+009
TF1706,10:47:42.0,99.265,3821,99.26,6,99.265,7,15882,3.79425e+009
TF1706,10:47:44.500,99.265,3821,99.26,6,99.265,7,15882,3.79425e+009
TF1706,10:47:47.500,99.265,3821,99.26,6,99.265,7,15882,3.79425e+009
TF1706,10:47:48.0,99.265,3821,99.26,6,99.265,8,15882,3.79425e+009
TF1706,10:47:48.500,99.26,3822,99.26,4,99.265,8,15882,3.79524e+009
TF1706,10:47:49.0,99.26,3826,99.255,1,99.26,2,15882,3.79921e+009
TF1706,10:47:49.500,99.26,3826,99.26,1,99.265,8,15882,3.79921e+009
TF1706,10:47:50.0,99.26,3826,99.26,2,99.265,8,15882,3.79921e+009
TF1706,10:47:50.500,99.26,3826,99.26,2,99.265,8,15882,3.79921e+009
TF1706,10:47:53.500,99.26,3826,99.26,2,99.265,7,15882,3.79921e+009
TF1706,10:47:54.0,99.26,3826,99.255,3,99.265,7,15882,3.79921e+009
TF1706,10:47:54.500,99.26,3826,99.26,1,99.265,7,15882,3.79921e+009
TF1706,10:47:55.0,99.26,3826,99.26,1,99.265,7,15882,3.79921e+009
TF1706,10:47:56.0,99.25,3835,99.25,9,99.265,7,15883,3.80814e+009
TF1706,10:47:56.500,99.25,3835,99.25,9,99.255,4,15883,3.80814e+009
TF1706,10:47:57.0,99.25,3835,99.25,9,99.26,1,15883,3.80814e+009
TF1706,10:47:57.500,99.255,3836,99.25,9,99.26,1,15883,3.80914e+009
TF1706,10:47:58.0,99.255,3837,99.25,9,99.26,2,15882,3.81013e+009
TF1706,10:47:59.0,99.255,3837,99.25,9,99.26,2,15882,3.81013e+009
TF1706,10:47:59.500,99.255,3837,99.255,1,99.26,2,15882,3.81013e+009
TF1706,10:48:00.0,99.255,3837,99.255,2,99.26,2,15882,3.81013e+009
TF1706,10:48:00.500,99.255,3837,99.255,1,99.26,2,15882,3.81013e+009
TF1706,10:48:01.0,99.26,3839,99.255,2,99.265,8,15882,3.81212e+009
TF1706,10:48:01.500,99.26,3839,99.255,2,99.265,8,15882,3.81212e+009
TF1706,10:48:02.0,99.26,3839,99.255,2,99.265,9,15882,3.81212e+009
TF1706,10:48:03.0,99.26,3839,99.255,2,99.265,2,15882,3.81212e+009
TF1706,10:48:03.500,99.26,3839,99.255,2,99.26,1,15882,3.81212e+009
TF1706,10:48:04.0,99.26,3840,99.26,1,99.265,2,15882,3.81311e+009
TF1706,10:48:04.500,99.26,3840,99.26,2,99.265,2,15882,3.81311e+009
TF1706,10:48:05.0,99.26,3841,99.26,2,99.265,1,15881,3.8141e+009
TF1706,10:48:06.0,99.26,3841,99.26,2,99.265,1,15881,3.8141e+009
TF1706,10:48:06.500,99.26,3842,99.255,2,99.265,1,15880,3.81509e+009
TF1706,10:48:07.500,99.26,3842,99.255,2,99.265,1,15880,3.81509e+009
TF1706,10:48:10.0,99.26,3842,99.255,2,99.265,1,15880,3.81509e+009
TF1706,10:48:11.500,99.26,3842,99.255,2,99.265,1,15880,3.81509e+009
TF1706,10:48:12.0,99.26,3842,99.255,2,99.265,1,15880,3.81509e+009
TF1706,10:48:12.500,99.255,3844,99.25,10,99.255,8,15880,3.81708e+009
TF1706,10:48:13.0,99.255,3852,99.255,5,99.265,1,15882,3.82502e+009
TF1706,10:48:13.500,99.255,3852,99.255,2,99.265,1,15882,3.82502e+009
TF1706,10:48:14.0,99.255,3852,99.255,2,99.265,2,15882,3.82502e+009
TF1706,10:48:16.0,99.255,3852,99.255,2,99.265,3,15882,3.82502e+009
TF1706,10:48:17.0,99.255,3852,99.255,2,99.265,3,15882,3.82502e+009
TF1706,10:48:18.0,99.255,3852,99.255,11,99.265,3,15882,3.82502e+009
TF1706,10:48:19.0,99.255,3852,99.255,11,99.265,10,15882,3.82502e+009
TF1706,10:48:22.0,99.255,3852,99.255,13,99.265,10,15882,3.82502e+009
TF1706,10:48:22.500,99.255,3852,99.255,16,99.265,10,15882,3.82502e+009
TF1706,10:48:34.500,99.255,3852,99.255,17,99.265,10,15882,3.82502e+009
TF1706,10:48:38.0,99.255,3852,99.255,17,99.265,10,15882,3.82502e+009
TF1706,10:48:45.0,99.255,3852,99.255,17,99.265,10,15882,3.82502e+009
TF1706,10:48:45.500,99.255,3852,99.255,16,99.265,10,15882,3.82502e+009
TF1706,10:48:46.500,99.255,3852,99.255,16,99.265,10,15882,3.82502e+009
TF1706,10:48:47.0,99.255,3852,99.255,16,99.265,10,15882,3.82502e+009
TF1706,10:48:49.0,99.255,3852,99.255,16,99.265,10,15882,3.82502e+009
TF1706,10:48:49.500,99.255,3852,99.255,16,99.26,1,15882,3.82502e+009
TF1706,10:48:50.0,99.255,3852,99.255,16,99.26,1,15882,3.82502e+009
TF1706,10:48:50.500,99.255,3852,99.26,5,99.265,12,15882,3.82502e+009
TF1706,10:48:51.0,99.255,3852,99.26,4,99.265,12,15882,3.82502e+009
TF1706,10:48:52.500,99.255,3852,99.26,4,99.265,12,15882,3.82502e+009
TF1706,10:48:53.0,99.255,3852,99.26,4,99.265,12,15882,3.82502e+009
TF1706,10:48:53.500,99.26,3856,99.255,13,99.26,3,15885,3.82899e+009
TF1706,10:48:56.0,99.26,3856,99.255,13,99.26,3,15885,3.82899e+009
TF1706,10:48:57.0,99.26,3856,99.255,13,99.26,3,15885,3.82899e+009
TF1706,10:49:00.0,99.26,3856,99.255,12,99.26,3,15885,3.82899e+009
TF1706,10:49:01.500,99.26,3856,99.255,12,99.26,4,15885,3.82899e+009
TF1706,10:49:02.500,99.255,3859,99.255,9,99.26,4,15885,3.83197e+009
TF1706,10:49:03.0,99.255,3863,99.255,5,99.26,4,15888,3.83594e+009
TF1706,10:49:03.500,99.255,3868,99.25,10,99.255,9,15885,3.8409e+009
TF1706,10:49:04.0,99.25,3878,99.245,1,99.25,2,15881,3.85082e+009
TF1706,10:49:04.500,99.25,3878,99.245,1,99.255,11,15881,3.85082e+009
TF1706,10:49:05.0,99.25,3878,99.245,1,99.25,3,15881,3.85082e+009
TF1706,10:49:05.500,99.25,3878,99.245,2,99.25,1,15881,3.85082e+009
TF1706,10:49:06.0,99.25,3879,99.245,2,99.255,2,15881,3.85182e+009
TF1706,10:49:06.500,99.25,3879,99.245,2,99.255,2,15881,3.85182e+009
TF1706,10:49:07.500,99.245,3881,99.24,1,99.255,3,15881,3.8538e+009
TF1706,10:49:08.0,99.245,3881,99.24,1,99.25,1,15881,3.8538e+009
TF1706,10:49:08.500,99.245,3881,99.24,2,99.25,2,15881,3.8538e+009
TF1706,10:49:09.0,99.245,3881,99.24,2,99.25,2,15881,3.8538e+009
TF1706,10:49:10.0,99.245,3881,99.24,2,99.25,4,15881,3.8538e+009
TF1706,10:49:10.500,99.245,3881,99.24,2,99.25,3,15881,3.8538e+009
TF1706,10:49:11.0,99.245,3881,99.24,3,99.25,3,15881,3.8538e+009
TF1706,10:49:12.0,99.245,3881,99.24,3,99.25,4,15881,3.8538e+009
TF1706,10:49:12.500,99.24,3882,99.245,1,99.25,10,15880,3.85479e+009
TF1706,10:49:13.0,99.245,3883,99.24,2,99.245,4,15880,3.85579e+009
TF1706,10:49:13.500,99.245,3883,99.24,2,99.245,2,15880,3.85579e+009
TF1706,10:49:14.500,99.245,3883,99.24,2,99.245,3,15880,3.85579e+009
TF1706,10:49:15.0,99.245,3883,99.24,2,99.245,3,15880,3.85579e+009
TF1706,10:49:15.500,99.245,3884,99.24,2,99.245,2,15880,3.85678e+009
TF1706,10:49:18.500,99.245,3884,99.24,2,99.245,3,15880,3.85678e+009
TF1706,10:49:19.500,99.245,3884,99.24,12,99.245,3,15880,3.85678e+009
TF1706,10:49:20.0,99.245,3886,99.24,12,99.25,10,15882,3.85876e+009
TF1706,10:49:22.500,99.245,3886,99.24,12,99.25,10,15882,3.85876e+009
TF1706,10:49:23.0,99.245,3886,99.24,13,99.25,10,15882,3.85876e+009
TF1706,10:49:26.0,99.245,3886,99.24,13,99.25,26,15882,3.85876e+009
TF1706,10:49:26.500,99.245,3886,99.24,13,99.245,2,15882,3.85876e+009
TF1706,10:49:27.0,99.245,3886,99.24,13,99.25,26,15882,3.85876e+009
TF1706,10:49:30.500,99.245,3886,99.24,13,99.245,4,15882,3.85876e+009
TF1706,10:49:31.0,99.245,3886,99.24,13,99.245,4,15882,3.85876e+009
TF1706,10:49:32.0,99.245,3886,99.24,13,99.245,4,15882,3.85876e+009
TF1706,10:49:33.0,99.245,3887,99.24,13,99.25,27,15881,3.85976e+009
TF1706,10:49:33.500,99.245,3887,99.24,13,99.25,26,15881,3.85976e+009
TF1706,10:49:34.500,99.245,3887,99.24,13,99.245,4,15881,3.85976e+009
TF1706,10:49:35.0,99.245,3887,99.24,13,99.245,4,15881,3.85976e+009
TF1706,10:49:36.0,99.245,3890,99.24,13,99.245,1,15881,3.86273e+009
TF1706,10:49:36.500,99.245,3890,99.24,13,99.245,4,15881,3.86273e+009
TF1706,10:49:37.0,99.245,3890,99.24,13,99.245,5,15881,3.86273e+009
TF1706,10:49:38.0,99.245,3891,99.24,13,99.245,5,15880,3.86373e+009
TF1706,10:49:40.500,99.245,3891,99.245,1,99.25,27,15880,3.86373e+009
TF1706,10:49:46.0,99.245,3891,99.245,1,99.25,27,15880,3.86373e+009
TF1706,10:49:46.500,99.245,3893,99.24,13,99.245,1,15880,3.86571e+009
TF1706,10:49:47.500,99.24,3895,99.24,12,99.245,1,15880,3.8677e+009
TF1706,10:49:50.500,99.245,3896,99.24,12,99.25,27,15880,3.86869e+009
TF1706,10:49:51.0,99.245,3896,99.24,12,99.25,8,15880,3.86869e+009
TF1706,10:49:53.500,99.245,3896,99.245,1,99.25,8,15880,3.86869e+009
TF1706,10:49:54.0,99.245,3896,99.245,3,99.25,8,15880,3.86869e+009
TF1706,10:49:54.500,99.245,3896,99.245,3,99.25,2,15880,3.86869e+009
TF1706,10:49:55.0,99.25,3898,99.25,2,99.255,7,15880,3.87067e+009
TF1706,10:49:55.500,99.25,3900,99.245,3,99.255,8,15879,3.87266e+009
TF1706,10:49:56.0,99.25,3900,99.245,3,99.255,7,15879,3.87266e+009
TF1706,10:49:56.500,99.25,3900,99.245,3,99.255,15,15879,3.87266e+009
TF1706,10:49:57.0,99.25,3900,99.245,3,99.25,6,15879,3.87266e+009
TF1706,10:49:57.500,99.25,3900,99.245,3,99.25,4,15879,3.87266e+009
TF1706,10:50:01.500,99.245,3903,99.24,13,99.25,5,15877,3.87564e+009
TF1706,10:50:02.0,99.245,3903,99.24,13,99.25,5,15877,3.87564e+009
TF1706,10:50:02.500,99.245,3903,99.24,13,99.25,16,15877,3.87564e+009
TF1706,10:50:03.0,99.24,3905,99.24,11,99.245,3,15879,3.87762e+009
TF1706,10:50:03.500,99.24,3907,99.24,9,99.245,21,15881,3.87961e+009
TF1706,10:50:04.0,99.24,3908,99.24,8,99.245,21,15882,3.8806e+009
TF1706,10:50:04.500,99.24,3910,99.24,6,99.245,21,15882,3.88258e+009
TF1706,10:50:05.0,99.24,3910,99.24,6,99.245,21,15882,3.88258e+009
TF1706,10:50:05.500,99.24,3912,99.24,4,99.245,21,15883,3.88457e+009
TF1706,10:50:06.0,99.24,3916,99.235,4,99.24,5,15883,3.88854e+009
TF1706,10:50:06.500,99.24,3916,99.235,4,99.24,24,15883,3.88854e+009
TF1706,10:50:07.0,99.24,3916,99.235,3,99.24,28,15883,3.88854e+009
TF1706,10:50:08.500,99.235,3917,99.235,2,99.24,26,15883,3.88953e+009
TF1706,10:50:09.0,99.23,3920,99.23,9,99.24,26,15885,3.89251e+009
TF1706,10:50:09.500,99.23,3920,99.23,9,99.235,2,15885,3.89251e+009
TF1706,10:50:10.0,99.23,3920,99.23,9,99.235,7,15885,3.89251e+009
TF1706,10:50:10.500,99.23,3929,99.225,1,99.23,3,15884,3.90144e+009
TF1706,10:50:11.0,99.225,3930,99.215,1,99.225,2,15884,3.90243e+009
TF1706,10:50:11.500,99.225,3932,99.225,6,99.23,11,15883,3.90441e+009
TF1706,10:50:12.0,99.225,3933,99.22,4,99.23,2,15883,3.90541e+009
TF1706,10:50:12.500,99.23,3935,99.225,6,99.235,11,15883,3.90739e+009
TF1706,10:50:13.0,99.23,3935,99.22,4,99.235,11,15883,3.90739e+009
TF1706,10:50:13.500,99.23,3935,99.22,4,99.235,11,15883,3.90739e+009
TF1706,10:50:14.0,99.23,3935,99.22,5,99.23,1,15883,3.90739e+009
TF1706,10:50:14.500,99.23,3935,99.22,3,99.23,14,15883,3.90739e+009
TF1706,10:50:15.0,99.22,3937,99.215,2,99.225,4,15884,3.90938e+009
TF1706,10:50:15.500,99.215,3938,99.215,1,99.225,17,15884,3.91037e+009
TF1706,10:50:16.0,99.215,3939,99.205,2,99.215,1,15885,3.91136e+009
TF1706,10:50:16.500,99.215,3940,99.215,6,99.22,2,15885,3.91235e+009
TF1706,10:50:17.0,99.22,3941,99.21,5,99.22,2,15884,3.91334e+009
TF1706,10:50:17.500,99.22,3942,99.215,9,99.22,1,15884,3.91434e+009
TF1706,10:50:18.0,99.22,3943,99.22,7,99.225,9,15884,3.91533e+009
TF1706,10:50:18.500,99.22,3943,99.22,3,99.225,13,15884,3.91533e+009
TF1706,10:50:19.0,99.22,3946,99.215,3,99.225,15,15884,3.9183e+009
TF1706,10:50:19.500,99.22,3946,99.215,3,99.225,13,15884,3.9183e+009
TF1706,10:50:20.0,99.22,3946,99.215,3,99.225,1,15884,3.9183e+009
TF1706,10:50:20.500,99.22,3946,99.22,5,99.225,1,15884,3.9183e+009
TF1706,10:50:21.0,99.22,3946,99.22,3,99.225,1,15884,3.9183e+009
TF1706,10:50:21.500,99.22,3946,99.22,1,99.225,1,15884,3.9183e+009
TF1706,10:50:22.0,99.22,3946,99.22,1,99.225,2,15884,3.9183e+009
TF1706,10:50:23.0,99.22,3947,99.215,3,99.225,11,15883,3.9193e+009
TF1706,10:50:23.500,99.22,3947,99.22,3,99.225,6,15883,3.9193e+009
TF1706,10:50:24.0,99.22,3947,99.22,3,99.225,2,15883,3.9193e+009
TF1706,10:50:24.500,99.22,3947,99.22,2,99.225,2,15883,3.9193e+009
TF1706,10:50:26.0,99.22,3947,99.22,2,99.225,2,15883,3.9193e+009
TF1706,10:50:26.500,99.225,3949,99.225,3,99.23,12,15882,3.92128e+009
TF1706,10:50:27.0,99.225,3949,99.225,4,99.23,3,15882,3.92128e+009
TF1706,10:50:27.500,99.225,3949,99.225,4,99.23,2,15882,3.92128e+009
TF1706,10:50:29.0,99.235,3957,99.225,4,99.235,5,15889,3.92922e+009
TF1706,10:50:29.500,99.235,3958,99.23,3,99.24,7,15889,3.93021e+009
TF1706,10:50:30.0,99.235,3958,99.23,4,99.24,1,15889,3.93021e+009
TF1706,10:50:30.500,99.235,3958,99.235,3,99.245,3,15889,3.93021e+009
TF1706,10:50:31.0,99.235,3958,99.235,6,99.245,3,15889,3.93021e+009
TF1706,10:50:31.500,99.235,3964,99.23,2,99.245,10,15886,3.93617e+009
TF1706,10:50:32.0,99.235,3964,99.23,2,99.245,10,15886,3.93617e+009
TF1706,10:50:32.500,99.235,3964,99.23,2,99.24,5,15886,3.93617e+009
TF1706,10:50:33.0,99.235,3964,99.23,2,99.24,3,15886,3.93617e+009
TF1706,10:50:33.500,99.235,3964,99.23,3,99.24,3,15886,3.93617e+009
TF1706,10:50:34.0,99.235,3964,99.23,3,99.24,3,15886,3.93617e+009
TF1706,10:50:36.0,99.24,3965,99.235,2,99.24,2,15885,3.93716e+009
TF1706,10:50:36.500,99.24,3967,99.235,3,99.245,4,15887,3.93914e+009
TF1706,10:50:37.500,99.24,3967,99.235,1,99.245,4,15887,3.93914e+009
TF1706,10:50:38.0,99.24,3967,99.235,1,99.245,4,15887,3.93914e+009
TF1706,10:50:38.500,99.24,3967,99.235,1,99.245,4,15887,3.93914e+009
TF1706,10:50:40.0,99.24,3967,99.235,1,99.245,4,15887,3.93914e+009
TF1706,10:50:41.0,99.24,3967,99.235,1,99.245,4,15887,3.93914e+009
TF1706,10:50:41.500,99.24,3967,99.235,1,99.245,7,15887,3.93914e+009
TF1706,10:50:42.0,99.24,3967,99.235,1,99.245,3,15887,3.93914e+009
TF1706,10:50:42.500,99.235,3968,99.23,3,99.24,2,15886,3.94014e+009
TF1706,10:50:43.0,99.235,3968,99.23,3,99.245,7,15886,3.94014e+009
TF1706,10:50:44.500,99.235,3968,99.23,3,99.245,13,15886,3.94014e+009
TF1706,10:50:45.0,99.235,3968,99.235,10,99.24,2,15886,3.94014e+009
TF1706,10:50:45.500,99.24,3970,99.24,10,99.245,3,15884,3.94212e+009
TF1706,10:50:46.0,99.24,3970,99.24,2,99.245,3,15884,3.94212e+009
TF1706,10:50:46.500,99.24,3970,99.24,3,99.245,3,15884,3.94212e+009
TF1706,10:50:47.0,99.24,3970,99.24,2,99.245,3,15884,3.94212e+009
TF1706,10:50:47.500,99.24,3970,99.24,2,99.245,3,15884,3.94212e+009
TF1706,10:50:48.0,99.24,3970,99.24,2,99.245,3,15884,3.94212e+009
TF1706,10:50:50.0,99.24,3970,99.24,2,99.245,3,15884,3.94212e+009
TF1706,10:50:50.500,99.24,3970,99.24,2,99.245,7,15884,3.94212e+009
TF1706,10:50:51.500,99.24,3971,99.24,1,99.245,7,15884,3.94311e+009
TF1706,10:50:52.0,99.24,3972,99.235,10,99.24,3,15884,3.94411e+009
TF1706,10:50:52.500,99.24,3972,99.235,10,99.24,3,15884,3.94411e+009
TF1706,10:50:53.0,99.24,3972,99.235,10,99.24,3,15884,3.94411e+009
TF1706,10:50:55.500,99.24,3972,99.235,10,99.24,9,15884,3.94411e+009
TF1706,10:50:56.0,99.24,3972,99.235,10,99.24,2,15884,3.94411e+009
TF1706,10:50:56.500,99.24,3972,99.235,11,99.24,2,15884,3.94411e+009
TF1706,10:50:57.0,99.24,3972,99.235,11,99.24,8,15884,3.94411e+009
TF1706,10:50:57.500,99.24,3972,99.235,11,99.24,6,15884,3.94411e+009
TF1706,10:50:58.500,99.24,3972,99.235,11,99.24,2,15884,3.94411e+009
TF1706,10:50:59.500,99.24,3972,99.235,11,99.24,12,15884,3.94411e+009
TF1706,10:51:00.0,99.24,3973,99.235,11,99.24,11,15883,3.9451e+009
TF1706,10:51:01.0,99.24,3973,99.235,11,99.24,1,15883,3.9451e+009
TF1706,10:51:01.500,99.235,3974,99.235,10,99.24,8,15883,3.94609e+009
TF1706,10:51:02.0,99.24,3976,99.235,10,99.24,10,15885,3.94808e+009
TF1706,10:51:02.500,99.24,3976,99.235,10,99.24,4,15885,3.94808e+009
TF1706,10:51:03.500,99.24,3976,99.235,10,99.245,9,15885,3.94808e+009
TF1706,10:51:04.0,99.24,3976,99.235,10,99.245,13,15885,3.94808e+009
TF1706,10:51:06.0,99.24,3976,99.235,10,99.245,7,15885,3.94808e+009
TF1706,10:51:06.500,99.235,3977,99.235,9,99.24,3,15885,3.94907e+009
TF1706,10:51:07.0,99.235,3980,99.235,5,99.245,15,15885,3.95204e+009
TF1706,10:51:07.500,99.235,3980,99.235,5,99.24,5,15885,3.95204e+009
TF1706,10:51:11.0,99.245,3988,99.235,6,99.24,4,15886,3.95998e+009
TF1706,10:51:11.500,99.24,3992,99.24,15,99.25,1,15883,3.96395e+009
TF1706,10:51:12.0,99.245,3996,99.24,10,99.25,1,15883,3.96792e+009
TF1706,10:51:12.500,99.245,3996,99.24,6,99.245,4,15883,3.96792e+009
TF1706,10:51:13.0,99.245,3996,99.24,7,99.245,4,15883,3.96792e+009
TF1706,10:51:13.500,99.245,4000,99.245,4,99.25,1,15879,3.97189e+009
TF1706,10:51:14.0,99.25,4001,99.25,3,99.255,7,15880,3.97289e+009
TF1706,10:51:14.500,99.25,4001,99.245,1,99.255,7,15880,3.97289e+009
TF1706,10:51:15.0,99.25,4001,99.245,1,99.255,7,15880,3.97289e+009
TF1706,10:51:16.500,99.25,4001,99.245,1,99.25,3,15880,3.97289e+009
TF1706,10:51:17.0,99.25,4001,99.245,1,99.255,7,15880,3.97289e+009
TF1706,10:51:17.500,99.25,4001,99.245,1,99.25,3,15880,3.97289e+009
TF1706,10:51:18.0,99.25,4001,99.245,1,99.25,2,15880,3.97289e+009
TF1706,10:51:18.500,99.25,4001,99.25,1,99.255,7,15880,3.97289e+009
TF1706,10:51:19.0,99.25,4002,99.245,1,99.25,1,15879,3.97388e+009
TF1706,10:51:19.500,99.25,4002,99.245,1,99.25,1,15879,3.97388e+009
TF1706,10:51:21.0,99.25,4002,99.245,1,99.25,1,15879,3.97388e+009
TF1706,10:51:25.500,99.245,4003,99.24,2,99.25,1,15878,3.97487e+009
TF1706,10:51:26.0,99.245,4003,99.24,2,99.25,1,15878,3.97487e+009
TF1706,10:51:28.0,99.245,4003,99.24,3,99.25,1,15878,3.97487e+009
TF1706,10:51:30.0,99.245,4003,99.24,3,99.25,1,15878,3.97487e+009
TF1706,10:51:33.0,99.245,4003,99.24,3,99.25,1,15878,3.97487e+009
TF1706,10:51:33.500,99.245,4003,99.245,5,99.25,1,15878,3.97487e+009
TF1706,10:51:34.0,99.245,4003,99.245,6,99.25,1,15878,3.97487e+009
TF1706,10:51:34.500,99.245,4003,99.245,6,99.25,1,15878,3.97487e+009
TF1706,10:51:37.0,99.25,4004,99.245,6,99.255,7,15877,3.97586e+009
TF1706,10:51:38.0,99.25,4004,99.245,7,99.255,1,15877,3.97586e+009
TF1706,10:51:38.500,99.25,4004,99.25,1,99.255,1,15877,3.97586e+009
TF1706,10:51:39.0,99.25,4004,99.25,2,99.255,1,15877,3.97586e+009
TF1706,10:51:42.500,99.255,4005,99.25,2,99.26,7,15877,3.97686e+009
TF1706,10:51:43.0,99.255,4005,99.25,2,99.255,3,15877,3.97686e+009
TF1706,10:51:43.500,99.25,4007,99.25,1,99.255,9,15877,3.97884e+009
TF1706,10:51:44.0,99.25,4009,99.245,7,99.255,9,15875,3.98083e+009
TF1706,10:51:45.0,99.25,4009,99.245,8,99.255,3,15875,3.98083e+009
TF1706,10:51:48.500,99.25,4009,99.245,8,99.255,3,15875,3.98083e+009
TF1706,10:51:49.0,99.25,4013,99.25,9,99.26,1,15874,3.9848e+009
TF1706,10:51:49.500,99.25,4014,99.25,4,99.26,1,15875,3.98579e+009
TF1706,10:51:50.500,99.25,4014,99.25,4,99.255,1,15875,3.98579e+009
TF1706,10:51:51.0,99.25,4014,99.25,4,99.26,7,15875,3.98579e+009
TF1706,10:51:51.500,99.25,4014,99.25,4,99.26,7,15875,3.98579e+009
TF1706,10:51:53.500,99.25,4014,99.25,4,99.26,7,15875,3.98579e+009
TF1706,10:51:55.0,99.25,4014,99.25,4,99.26,7,15875,3.98579e+009
TF1706,10:51:55.500,99.25,4014,99.25,4,99.26,7,15875,3.98579e+009
TF1706,10:51:58.500,99.25,4014,99.25,2,99.26,7,15875,3.98579e+009
TF1706,10:51:59.0,99.25,4014,99.25,2,99.26,1,15875,3.98579e+009
TF1706,10:52:00.500,99.25,4014,99.25,2,99.26,1,15875,3.98579e+009
TF1706,10:52:03.500,99.26,4015,99.25,2,99.265,2,15876,3.98678e+009
TF1706,10:52:04.0,99.26,4015,99.25,2,99.265,8,15876,3.98678e+009
TF1706,10:52:04.500,99.26,4015,99.25,2,99.26,1,15876,3.98678e+009
TF1706,10:52:05.0,99.26,4015,99.25,2,99.26,1,15876,3.98678e+009
TF1706,10:52:06.0,99.26,4015,99.25,2,99.26,1,15876,3.98678e+009
TF1706,10:52:09.0,99.26,4015,99.25,2,99.26,1,15876,3.98678e+009
TF1706,10:52:15.0,99.26,4015,99.255,1,99.26,1,15876,3.98678e+009
TF1706,10:52:15.500,99.26,4016,99.255,2,99.265,2,15876,3.98777e+009
TF1706,10:52:16.0,99.26,4016,99.255,2,99.265,2,15876,3.98777e+009
TF1706,10:52:16.500,99.26,4016,99.255,2,99.26,1,15876,3.98777e+009
TF1706,10:52:17.0,99.26,4017,99.26,2,99.265,2,15876,3.98877e+009
TF1706,10:52:17.500,99.26,4017,99.26,1,99.265,2,15876,3.98877e+009
TF1706,10:52:18.0,99.26,4017,99.26,1,99.265,1,15876,3.98877e+009
TF1706,10:52:23.0,99.26,4017,99.26,1,99.265,1,15876,3.98877e+009
TF1706,10:52:27.500,99.265,4018,99.265,1,99.27,4,15877,3.98976e+009
TF1706,10:52:28.0,99.265,4019,99.26,1,99.27,4,15877,3.99075e+009
TF1706,10:52:29.0,99.265,4019,99.26,1,99.265,4,15877,3.99075e+009
TF1706,10:52:33.0,99.265,4020,99.26,1,99.27,8,15877,3.99174e+009
TF1706,10:52:33.500,99.265,4020,99.26,1,99.27,8,15877,3.99174e+009
TF1706,10:52:34.0,99.265,4020,99.26,1,99.27,8,15877,3.99174e+009
TF1706,10:52:34.500,99.265,4020,99.26,1,99.27,8,15877,3.99174e+009
TF1706,10:52:36.0,99.265,4020,99.26,1,99.265,1,15877,3.99174e+009
TF1706,10:52:40.0,99.265,4020,99.26,1,99.265,1,15877,3.99174e+009
TF1706,10:52:41.500,99.265,4020,99.26,2,99.265,1,15877,3.99174e+009
TF1706,10:52:42.0,99.265,4020,99.26,2,99.265,1,15877,3.99174e+009
TF1706,10:52:42.500,99.265,4020,99.26,2,99.265,1,15877,3.99174e+009
TF1706,10:52:45.0,99.26,4022,99.255,3,99.265,1,15876,3.99373e+009
TF1706,10:52:45.500,99.26,4022,99.255,3,99.265,1,15876,3.99373e+009
TF1706,10:52:46.0,99.26,4022,99.255,3,99.265,2,15876,3.99373e+009
TF1706,10:52:48.0,99.26,4022,99.255,3,99.265,2,15876,3.99373e+009
TF1706,10:52:48.500,99.26,4022,99.255,3,99.265,7,15876,3.99373e+009
TF1706,10:52:52.500,99.26,4022,99.26,1,99.265,7,15876,3.99373e+009
TF1706,10:52:53.0,99.26,4023,99.255,3,99.26,6,15875,3.99472e+009
TF1706,10:52:53.500,99.26,4023,99.255,3,99.26,2,15875,3.99472e+009
TF1706,10:52:55.0,99.26,4025,99.26,3,99.265,7,15876,3.99671e+009
TF1706,10:52:55.500,99.26,4025,99.26,3,99.265,7,15876,3.99671e+009
TF1706,10:52:57.0,99.26,4025,99.26,3,99.265,3,15876,3.99671e+009
TF1706,10:52:57.500,99.26,4025,99.26,4,99.265,3,15876,3.99671e+009
TF1706,10:52:58.0,99.26,4025,99.26,5,99.265,3,15876,3.99671e+009
TF1706,10:52:58.500,99.26,4025,99.26,5,99.265,3,15876,3.99671e+009
TF1706,10:52:59.0,99.26,4025,99.26,5,99.265,2,15876,3.99671e+009
TF1706,10:53:01.0,99.26,4025,99.26,5,99.265,2,15876,3.99671e+009
TF1706,10:53:04.500,99.26,4025,99.26,5,99.265,2,15876,3.99671e+009
TF1706,10:53:08.0,99.26,4025,99.26,5,99.265,2,15876,3.99671e+009
TF1706,10:53:09.500,99.26,4025,99.26,4,99.265,2,15876,3.99671e+009
TF1706,10:53:10.500,99.26,4025,99.26,4,99.265,2,15876,3.99671e+009
TF1706,10:53:11.0,99.26,4025,99.26,4,99.265,6,15876,3.99671e+009
TF1706,10:53:11.500,99.26,4025,99.26,4,99.265,2,15876,3.99671e+009
TF1706,10:53:16.500,99.26,4025,99.26,4,99.265,2,15876,3.99671e+009
TF1706,10:53:21.500,99.26,4025,99.26,4,99.265,2,15876,3.99671e+009
TF1706,10:53:25.0,99.26,4025,99.26,5,99.265,2,15876,3.99671e+009
TF1706,10:53:25.500,99.26,4025,99.26,5,99.265,2,15876,3.99671e+009
TF1706,10:53:30.0,99.265,4027,99.26,5,99.27,8,15875,3.99869e+009
TF1706,10:53:30.500,99.265,4027,99.26,5,99.27,8,15875,3.99869e+009
TF1706,10:53:35.500,99.265,4027,99.26,5,99.27,8,15875,3.99869e+009
TF1706,10:53:40.0,99.265,4027,99.26,5,99.27,8,15875,3.99869e+009
TF1706,10:53:44.500,99.265,4027,99.26,5,99.27,8,15875,3.99869e+009
TF1706,10:53:47.500,99.265,4027,99.26,5,99.27,8,15875,3.99869e+009
TF1706,10:53:59.500,99.265,4027,99.26,5,99.27,8,15875,3.99869e+009
TF1706,10:54:24.500,99.265,4027,99.26,6,99.27,8,15875,3.99869e+009
TF1706,10:54:25.500,99.265,4027,99.26,6,99.27,4,15875,3.99869e+009
TF1706,10:54:26.0,99.265,4027,99.26,6,99.265,4,15875,3.99869e+009
TF1706,10:54:27.500,99.265,4027,99.26,5,99.265,4,15875,3.99869e+009
TF1706,10:54:35.500,99.265,4027,99.26,6,99.265,4,15875,3.99869e+009
TF1706,10:54:36.0,99.265,4027,99.26,5,99.27,8,15875,3.99869e+009
TF1706,10:54:36.500,99.265,4027,99.26,5,99.27,4,15875,3.99869e+009
TF1706,10:54:37.0,99.265,4027,99.26,6,99.265,4,15875,3.99869e+009
TF1706,10:54:37.500,99.265,4028,99.26,6,99.27,8,15874,3.99969e+009
TF1706,10:54:38.0,99.265,4028,99.26,6,99.27,4,15874,3.99969e+009
TF1706,10:54:38.500,99.265,4028,99.26,6,99.265,4,15874,3.99969e+009
TF1706,10:54:40.500,99.265,4028,99.26,6,99.27,8,15874,3.99969e+009
TF1706,10:54:41.0,99.265,4028,99.26,6,99.27,4,15874,3.99969e+009
TF1706,10:54:41.500,99.265,4028,99.26,6,99.265,4,15874,3.99969e+009
TF1706,10:54:42.0,99.265,4028,99.26,6,99.27,8,15874,3.99969e+009
TF1706,10:54:43.500,99.265,4028,99.26,6,99.27,4,15874,3.99969e+009
TF1706,10:54:44.0,99.265,4028,99.26,6,99.27,8,15874,3.99969e+009
TF1706,10:54:46.500,99.265,4028,99.26,6,99.27,8,15874,3.99969e+009
TF1706,10:54:51.0,99.265,4028,99.26,6,99.27,4,15874,3.99969e+009
TF1706,10:54:51.500,99.265,4028,99.26,6,99.27,8,15874,3.99969e+009
TF1706,10:54:57.0,99.265,4028,99.26,6,99.27,8,15874,3.99969e+009
TF1706,10:55:01.500,99.265,4028,99.26,6,99.27,9,15874,3.99969e+009
TF1706,10:55:02.0,99.265,4028,99.26,6,99.27,5,15874,3.99969e+009
TF1706,10:55:03.0,99.265,4028,99.26,6,99.265,4,15874,3.99969e+009
TF1706,10:55:04.500,99.265,4028,99.26,6,99.27,9,15874,3.99969e+009
TF1706,10:55:07.0,99.265,4028,99.26,6,99.27,9,15874,3.99969e+009
TF1706,10:55:09.0,99.265,4028,99.26,6,99.27,5,15874,3.99969e+009
TF1706,10:55:09.500,99.265,4028,99.26,6,99.265,4,15874,3.99969e+009
TF1706,10:55:10.0,99.265,4028,99.26,6,99.27,9,15874,3.99969e+009
TF1706,10:55:23.500,99.265,4028,99.26,3,99.27,9,15874,3.99969e+009
TF1706,10:55:24.0,99.27,4031,99.26,3,99.27,6,15875,4.00266e+009
TF1706,10:55:30.500,99.27,4031,99.26,4,99.27,6,15875,4.00266e+009
TF1706,10:55:38.0,99.27,4031,99.26,14,99.27,6,15875,4.00266e+009
TF1706,10:55:45.0,99.27,4031,99.265,1,99.27,6,15875,4.00266e+009
TF1706,10:55:45.500,99.27,4031,99.265,3,99.27,6,15875,4.00266e+009
TF1706,10:55:46.0,99.27,4031,99.265,4,99.27,6,15875,4.00266e+009
TF1706,10:55:46.500,99.27,4031,99.265,4,99.27,6,15875,4.00266e+009
TF1706,10:55:49.0,99.27,4031,99.265,4,99.27,6,15875,4.00266e+009
TF1706,10:55:49.500,99.27,4031,99.265,4,99.27,6,15875,4.00266e+009
TF1706,10:55:51.500,99.27,4031,99.265,4,99.27,5,15875,4.00266e+009
TF1706,10:55:52.0,99.27,4031,99.265,4,99.27,5,15875,4.00266e+009
TF1706,10:55:54.0,99.27,4031,99.265,4,99.27,5,15875,4.00266e+009
TF1706,10:55:56.500,99.27,4031,99.265,14,99.27,5,15875,4.00266e+009
TF1706,10:55:59.500,99.27,4033,99.265,15,99.275,3,15874,4.00465e+009
TF1706,10:56:00.0,99.27,4033,99.265,15,99.275,3,15874,4.00465e+009
TF1706,10:56:00.500,99.27,4033,99.27,2,99.275,7,15874,4.00465e+009
TF1706,10:56:01.0,99.27,4033,99.27,5,99.275,7,15874,4.00465e+009
TF1706,10:56:01.500,99.27,4033,99.27,4,99.275,7,15874,4.00465e+009
TF1706,10:56:04.0,99.275,4040,99.275,3,99.28,2,15876,4.0116e+009
TF1706,10:56:04.500,99.275,4044,99.27,3,99.275,14,15875,4.01557e+009
TF1706,10:56:05.0,99.275,4044,99.27,3,99.275,7,15875,4.01557e+009
TF1706,10:56:06.0,99.27,4046,99.27,1,99.275,5,15874,4.01755e+009
TF1706,10:56:08.500,99.265,4050,99.26,4,99.27,1,15871,4.02152e+009
TF1706,10:56:09.0,99.265,4050,99.265,1,99.27,1,15871,4.02152e+009
TF1706,10:56:09.500,99.265,4050,99.265,1,99.27,5,15871,4.02152e+009
TF1706,10:56:10.0,99.265,4050,99.265,1,99.27,6,15871,4.02152e+009
TF1706,10:56:14.0,99.265,4051,99.26,4,99.265,2,15871,4.02252e+009
TF1706,10:56:15.0,99.265,4051,99.26,4,99.265,2,15871,4.02252e+009
TF1706,10:56:16.500,99.265,4051,99.26,4,99.265,2,15871,4.02252e+009
TF1706,10:56:19.500,99.265,4051,99.26,4,99.265,2,15871,4.02252e+009
TF1706,10:56:25.500,99.26,4055,99.255,3,99.26,1,15871,4.02649e+009
TF1706,10:56:26.0,99.26,4056,99.26,7,99.265,1,15871,4.02748e+009
TF1706,10:56:26.500,99.26,4056,99.26,2,99.265,2,15871,4.02748e+009
TF1706,10:56:27.0,99.26,4056,99.26,2,99.265,2,15871,4.02748e+009
TF1706,10:56:27.500,99.26,4056,99.26,1,99.265,3,15871,4.02748e+009
TF1706,10:56:29.0,99.26,4056,99.26,1,99.265,3,15871,4.02748e+009
TF1706,10:56:29.500,99.26,4057,99.255,3,99.265,7,15872,4.02847e+009
TF1706,10:56:32.0,99.26,4057,99.255,3,99.265,3,15872,4.02847e+009
TF1706,10:56:32.500,99.26,4057,99.255,3,99.265,3,15872,4.02847e+009
TF1706,10:56:33.0,99.26,4057,99.255,3,99.265,7,15872,4.02847e+009
TF1706,10:56:34.500,99.245,4062,99.245,1,99.26,1,15872,4.03344e+009
TF1706,10:56:35.0,99.245,4062,99.24,2,99.25,6,15872,4.03344e+009
TF1706,10:56:35.500,99.245,4062,99.25,1,99.255,5,15872,4.03344e+009
TF1706,10:56:36.0,99.25,4063,99.245,2,99.25,9,15871,4.03443e+009
TF1706,10:56:36.500,99.25,4064,99.245,1,99.25,1,15870,4.03542e+009
TF1706,10:56:37.0,99.25,4064,99.245,1,99.25,2,15870,4.03542e+009
TF1706,10:56:38.500,99.25,4064,99.245,1,99.25,3,15870,4.03542e+009
TF1706,10:56:39.0,99.25,4064,99.245,1,99.25,3,15870,4.03542e+009
TF1706,10:56:40.0,99.25,4067,99.25,1,99.255,2,15869,4.0384e+009
TF1706,10:56:40.500,99.25,4067,99.25,1,99.255,1,15869,4.0384e+009
TF1706,10:56:41.0,99.25,4067,99.24,2,99.255,1,15869,4.0384e+009
TF1706,10:56:41.500,99.25,4067,99.25,1,99.255,1,15869,4.0384e+009
TF1706,10:56:42.0,99.25,4067,99.25,1,99.255,1,15869,4.0384e+009
TF1706,10:56:43.0,99.25,4067,99.245,4,99.255,2,15869,4.0384e+009
TF1706,10:56:43.500,99.25,4067,99.25,1,99.255,2,15869,4.0384e+009
TF1706,10:56:44.0,99.25,4067,99.245,4,99.255,2,15869,4.0384e+009
TF1706,10:56:46.0,99.245,4068,99.245,3,99.255,2,15869,4.03939e+009
TF1706,10:56:46.500,99.245,4068,99.25,1,99.255,2,15869,4.03939e+009
TF1706,10:56:47.0,99.245,4068,99.25,1,99.255,2,15869,4.03939e+009
TF1706,10:56:48.500,99.245,4068,99.245,3,99.255,2,15869,4.03939e+009
TF1706,10:56:53.500,99.245,4068,99.25,1,99.255,2,15869,4.03939e+009
TF1706,10:56:54.0,99.245,4068,99.25,4,99.255,1,15869,4.03939e+009
TF1706,10:56:54.500,99.255,4069,99.255,3,99.26,1,15870,4.04038e+009
TF1706,10:56:55.0,99.255,4069,99.255,3,99.26,2,15870,4.04038e+009
TF1706,10:56:55.500,99.255,4070,99.25,1,99.26,2,15871,4.04138e+009
TF1706,10:56:56.0,99.255,4070,99.25,1,99.26,2,15871,4.04138e+009
TF1706,10:56:59.500,99.255,4070,99.245,2,99.26,2,15871,4.04138e+009
TF1706,10:57:00.0,99.255,4070,99.245,2,99.25,6,15871,4.04138e+009
TF1706,10:57:00.500,99.255,4070,99.245,2,99.25,1,15871,4.04138e+009
TF1706,10:57:01.0,99.245,4072,99.24,2,99.245,2,15869,4.04336e+009
TF1706,10:57:01.500,99.245,4072,99.245,2,99.25,1,15869,4.04336e+009
TF1706,10:57:02.0,99.245,4072,99.245,2,99.25,1,15869,4.04336e+009
TF1706,10:57:02.500,99.245,4072,99.245,2,99.25,1,15869,4.04336e+009
TF1706,10:57:03.0,99.245,4072,99.245,2,99.25,1,15869,4.04336e+009
TF1706,10:57:04.0,99.245,4072,99.245,2,99.25,1,15869,4.04336e+009
TF1706,10:57:07.500,99.245,4072,99.245,2,99.25,1,15869,4.04336e+009
TF1706,10:57:08.0,99.245,4072,99.245,2,99.25,1,15869,4.04336e+009
TF1706,10:57:08.500,99.245,4074,99.24,3,99.245,2,15867,4.04535e+009
TF1706,10:57:09.0,99.245,4074,99.24,3,99.25,1,15867,4.04535e+009
TF1706,10:57:10.0,99.245,4074,99.245,2,99.25,1,15867,4.04535e+009
TF1706,10:57:10.500,99.245,4074,99.24,3,99.25,1,15867,4.04535e+009
TF1706,10:57:11.0,99.245,4074,99.24,3,99.25,1,15867,4.04535e+009
TF1706,10:57:13.500,99.245,4074,99.24,3,99.25,1,15867,4.04535e+009
TF1706,10:57:14.0,99.245,4074,99.245,2,99.25,1,15867,4.04535e+009
TF1706,10:57:15.500,99.245,4074,99.24,3,99.25,1,15867,4.04535e+009
TF1706,10:57:16.0,99.245,4074,99.245,3,99.25,1,15867,4.04535e+009
TF1706,10:57:18.500,99.245,4074,99.245,3,99.25,1,15867,4.04535e+009
TF1706,10:57:21.0,99.245,4074,99.24,4,99.25,1,15867,4.04535e+009
TF1706,10:57:21.500,99.245,4074,99.24,4,99.245,10,15867,4.04535e+009
TF1706,10:57:22.500,99.245,4081,99.24,4,99.245,3,15870,4.05229e+009
TF1706,10:57:23.0,99.245,4081,99.24,4,99.245,3,15870,4.05229e+009
TF1706,10:57:24.0,99.245,4081,99.24,6,99.245,3,15870,4.05229e+009
TF1706,10:57:24.500,99.245,4084,99.245,4,99.25,1,15870,4.05527e+009
TF1706,10:57:25.0,99.245,4084,99.245,3,99.25,1,15870,4.05527e+009
TF1706,10:57:26.500,99.245,4084,99.245,1,99.25,1,15870,4.05527e+009
TF1706,10:57:27.0,99.245,4084,99.24,5,99.25,2,15870,4.05527e+009
TF1706,10:57:27.500,99.245,4084,99.24,6,99.25,2,15870,4.05527e+009
TF1706,10:57:28.0,99.245,4084,99.24,6,99.25,2,15870,4.05527e+009
TF1706,10:57:29.500,99.245,4084,99.24,6,99.25,2,15870,4.05527e+009
TF1706,10:57:34.0,99.245,4084,99.24,6,99.25,2,15870,4.05527e+009
TF1706,10:57:39.500,99.24,4090,99.235,4,99.24,4,15873,4.06122e+009
TF1706,10:57:40.0,99.24,4094,99.24,6,99.25,2,15873,4.06519e+009
TF1706,10:57:40.500,99.24,4094,99.24,5,99.245,1,15873,4.06519e+009
TF1706,10:57:41.0,99.24,4094,99.24,5,99.25,2,15873,4.06519e+009
TF1706,10:57:42.0,99.24,4094,99.245,2,99.25,2,15873,4.06519e+009
TF1706,10:57:42.500,99.24,4094,99.24,3,99.25,2,15873,4.06519e+009
TF1706,10:57:43.0,99.24,4094,99.24,3,99.25,2,15873,4.06519e+009
TF1706,10:57:44.500,99.24,4094,99.24,3,99.25,2,15873,4.06519e+009
TF1706,10:57:45.500,99.24,4097,99.235,4,99.24,7,15873,4.06817e+009
TF1706,10:57:46.0,99.24,4100,99.235,4,99.24,4,15874,4.07115e+009
TF1706,10:57:47.500,99.24,4104,99.24,2,99.25,2,15875,4.07512e+009
TF1706,10:57:48.0,99.24,4104,99.24,2,99.245,1,15875,4.07512e+009
TF1706,10:57:48.500,99.24,4104,99.24,2,99.245,1,15875,4.07512e+009
TF1706,10:57:49.0,99.24,4104,99.24,2,99.245,1,15875,4.07512e+009
TF1706,10:57:52.0,99.24,4104,99.24,2,99.245,1,15875,4.07512e+009
TF1706,10:57:52.500,99.24,4106,99.235,4,99.245,1,15877,4.0771e+009
TF1706,10:57:53.0,99.24,4106,99.235,4,99.245,1,15877,4.0771e+009
TF1706,10:57:54.500,99.24,4106,99.235,4,99.245,1,15877,4.0771e+009
TF1706,10:57:58.500,99.24,4106,99.235,4,99.245,1,15877,4.0771e+009
TF1706,10:58:01.0,99.24,4106,99.235,4,99.245,1,15877,4.0771e+009
TF1706,10:58:01.500,99.24,4106,99.235,4,99.245,2,15877,4.0771e+009
TF1706,10:58:02.0,99.24,4106,99.235,4,99.245,3,15877,4.0771e+009
TF1706,10:58:12.500,99.24,4107,99.235,4,99.24,1,15876,4.0781e+009
TF1706,10:58:13.0,99.24,4107,99.235,4,99.24,2,15876,4.0781e+009
TF1706,10:58:18.500,99.24,4107,99.235,4,99.24,2,15876,4.0781e+009
TF1706,10:58:19.500,99.24,4107,99.235,4,99.24,2,15876,4.0781e+009
TF1706,10:58:20.0,99.24,4108,99.24,2,99.245,3,15876,4.07909e+009
TF1706,10:58:20.500,99.24,4109,99.24,1,99.245,3,15875,4.08008e+009
TF1706,10:58:21.0,99.24,4110,99.235,4,99.245,3,15874,4.08107e+009
TF1706,10:58:23.500,99.24,4110,99.235,4,99.245,3,15874,4.08107e+009
TF1706,10:58:26.0,99.24,4110,99.235,5,99.245,3,15874,4.08107e+009
TF1706,10:58:27.0,99.24,4110,99.235,6,99.245,3,15874,4.08107e+009
TF1706,10:58:33.0,99.24,4110,99.235,6,99.245,3,15874,4.08107e+009
TF1706,10:58:33.500,99.24,4110,99.235,6,99.24,1,15874,4.08107e+009
TF1706,10:58:34.0,99.24,4110,99.235,7,99.24,1,15874,4.08107e+009
TF1706,10:58:34.500,99.24,4111,99.24,2,99.245,3,15875,4.08206e+009
TF1706,10:58:35.0,99.24,4111,99.24,2,99.245,3,15875,4.08206e+009
TF1706,10:58:36.500,99.24,4111,99.24,2,99.245,3,15875,4.08206e+009
TF1706,10:58:40.500,99.24,4113,99.235,7,99.24,8,15877,4.08405e+009
TF1706,10:58:41.500,99.24,4113,99.235,7,99.245,3,15877,4.08405e+009
TF1706,10:58:42.0,99.24,4113,99.24,1,99.245,3,15877,4.08405e+009
TF1706,10:58:43.500,99.24,4113,99.24,1,99.245,2,15877,4.08405e+009
TF1706,10:58:46.500,99.24,4113,99.24,1,99.245,2,15877,4.08405e+009
TF1706,10:58:50.0,99.24,4113,99.24,1,99.245,2,15877,4.08405e+009
TF1706,10:58:51.0,99.24,4114,99.235,7,99.24,9,15877,4.08504e+009
TF1706,10:58:52.500,99.24,4114,99.235,7,99.245,2,15877,4.08504e+009
TF1706,10:59:00.500,99.24,4114,99.235,7,99.245,3,15877,4.08504e+009
TF1706,10:59:01.0,99.24,4114,99.235,7,99.245,3,15877,4.08504e+009
TF1706,10:59:12.500,99.24,4114,99.235,7,99.245,3,15877,4.08504e+009
TF1706,10:59:13.0,99.24,4114,99.235,6,99.245,3,15877,4.08504e+009
TF1706,10:59:15.0,99.235,4119,99.235,1,99.245,3,15879,4.09e+009
TF1706,10:59:15.500,99.235,4120,99.23,1,99.24,3,15879,4.091e+009
TF1706,10:59:16.0,99.235,4120,99.23,1,99.235,1,15879,4.091e+009
TF1706,10:59:16.500,99.235,4120,99.23,1,99.235,1,15879,4.091e+009
TF1706,10:59:17.0,99.235,4120,99.23,1,99.235,2,15879,4.091e+009
TF1706,10:59:19.0,99.23,4121,99.225,1,99.235,2,15879,4.09199e+009
TF1706,10:59:19.500,99.23,4121,99.225,1,99.23,1,15879,4.09199e+009
TF1706,10:59:20.0,99.225,4122,99.22,1,99.225,1,15879,4.09298e+009
TF1706,10:59:20.500,99.225,4123,99.22,1,99.23,2,15878,4.09397e+009
TF1706,10:59:21.0,99.225,4123,99.22,3,99.225,1,15878,4.09397e+009
TF1706,10:59:22.0,99.225,4123,99.22,3,99.225,1,15878,4.09397e+009
TF1706,10:59:22.500,99.225,4123,99.22,1,99.225,1,15878,4.09397e+009
TF1706,10:59:23.0,99.225,4124,99.22,1,99.225,1,15878,4.09497e+009
TF1706,10:59:23.500,99.225,4124,99.22,1,99.225,1,15878,4.09497e+009
TF1706,10:59:24.500,99.225,4124,99.22,1,99.225,1,15878,4.09497e+009
TF1706,10:59:27.0,99.22,4125,99.215,1,99.225,2,15878,4.09596e+009
TF1706,10:59:27.500,99.22,4125,99.215,1,99.225,2,15878,4.09596e+009
TF1706,10:59:28.0,99.22,4125,99.215,1,99.225,2,15878,4.09596e+009
TF1706,10:59:30.0,99.225,4127,99.22,2,99.23,3,15878,4.09794e+009
TF1706,10:59:31.500,99.225,4127,99.215,5,99.23,3,15878,4.09794e+009
TF1706,10:59:32.0,99.225,4127,99.22,1,99.23,3,15878,4.09794e+009
TF1706,10:59:33.0,99.225,4127,99.22,1,99.23,3,15878,4.09794e+009
TF1706,10:59:33.500,99.22,4128,99.215,3,99.225,9,15877,4.09893e+009
TF1706,10:59:34.0,99.215,4129,99.215,2,99.22,1,15877,4.09993e+009
TF1706,10:59:34.500,99.22,4131,99.22,1,99.225,6,15878,4.10191e+009
TF1706,10:59:35.0,99.22,4132,99.215,1,99.22,1,15878,4.1029e+009
TF1706,10:59:35.500,99.22,4132,99.215,1,99.22,2,15878,4.1029e+009
TF1706,10:59:36.0,99.22,4132,99.215,1,99.22,2,15878,4.1029e+009
TF1706,10:59:37.0,99.22,4132,99.215,1,99.22,2,15878,4.1029e+009
TF1706,10:59:37.500,99.215,4133,99.21,1,99.22,2,15879,4.1039e+009
TF1706,10:59:38.0,99.215,4133,99.21,3,99.215,1,15879,4.1039e+009
TF1706,10:59:38.500,99.215,4137,99.205,2,99.215,2,15878,4.10786e+009
TF1706,10:59:39.0,99.215,4137,99.21,4,99.215,1,15878,4.10786e+009
TF1706,10:59:39.500,99.215,4137,99.205,2,99.21,2,15878,4.10786e+009
TF1706,10:59:40.0,99.215,4140,99.21,9,99.22,7,15879,4.11084e+009
TF1706,10:59:40.500,99.215,4140,99.21,5,99.22,3,15879,4.11084e+009
TF1706,10:59:41.0,99.215,4140,99.21,5,99.22,4,15879,4.11084e+009
TF1706,10:59:41.500,99.22,4142,99.21,3,99.22,1,15881,4.11282e+009
TF1706,10:59:42.0,99.22,4142,99.21,1,99.22,1,15881,4.11282e+009
TF1706,10:59:42.500,99.22,4142,99.21,1,99.22,2,15881,4.11282e+009
TF1706,10:59:43.0,99.22,4143,99.21,1,99.22,1,15880,4.11382e+009
TF1706,10:59:43.500,99.22,4143,99.21,1,99.215,1,15880,4.11382e+009
TF1706,10:59:44.0,99.215,4144,99.215,1,99.22,5,15881,4.11481e+009
TF1706,10:59:44.500,99.215,4144,99.21,1,99.215,1,15881,4.11481e+009
TF1706,10:59:45.0,99.215,4145,99.21,2,99.22,6,15881,4.1158e+009
TF1706,10:59:45.500,99.215,4145,99.21,1,99.22,2,15881,4.1158e+009
TF1706,10:59:46.0,99.215,4145,99.21,2,99.22,2,15881,4.1158e+009
TF1706,10:59:46.500,99.21,4147,99.205,2,99.22,2,15880,4.11778e+009
TF1706,10:59:47.0,99.21,4147,99.21,1,99.215,4,15880,4.11778e+009
TF1706,10:59:48.0,99.21,4147,99.21,1,99.215,4,15880,4.11778e+009
TF1706,10:59:48.500,99.22,4153,99.215,9,99.22,1,15882,4.12374e+009
TF1706,10:59:49.0,99.225,4155,99.22,16,99.23,3,15882,4.12572e+009
TF1706,10:59:49.500,99.225,4155,99.22,11,99.23,3,15882,4.12572e+009
TF1706,10:59:50.0,99.225,4155,99.225,1,99.23,3,15882,4.12572e+009
TF1706,10:59:50.500,99.23,4157,99.225,1,99.23,1,15883,4.12771e+009
TF1706,10:59:51.0,99.225,4158,99.225,1,99.23,1,15882,4.1287e+009
TF1706,10:59:51.500,99.225,4159,99.22,1,99.23,1,15882,4.12969e+009
TF1706,10:59:53.0,99.225,4159,99.22,1,99.23,1,15882,4.12969e+009
TF1706,10:59:53.500,99.225,4159,99.22,2,99.23,1,15882,4.12969e+009
TF1706,10:59:54.500,99.225,4159,99.22,2,99.23,1,15882,4.12969e+009
TF1706,10:59:55.0,99.225,4159,99.22,2,99.23,1,15882,4.12969e+009
TF1706,10:59:55.500,99.225,4159,99.22,2,99.23,1,15882,4.12969e+009
TF1706,10:59:56.500,99.22,4160,99.22,1,99.23,1,15883,4.13068e+009
TF1706,10:59:57.0,99.21,4166,99.21,1,99.23,2,15880,4.13664e+009
TF1706,10:59:57.500,99.21,4166,99.215,1,99.225,1,15880,4.13664e+009
TF1706,10:59:58.0,99.21,4166,99.22,3,99.225,1,15880,4.13664e+009
TF1706,10:59:58.500,99.21,4166,99.22,3,99.23,2,15880,4.13664e+009
TF1706,10:59:59.0,99.22,4167,99.22,2,99.23,2,15880,4.13763e+009
TF1706,11:00:02.0,99.22,4167,99.22,2,99.23,3,15880,4.13763e+009
TF1706,11:00:02.500,99.22,4170,99.22,13,99.225,2,15879,4.14061e+009
TF1706,11:00:03.0,99.22,4173,99.22,10,99.225,3,15881,4.14358e+009
TF1706,11:00:03.500,99.22,4173,99.22,10,99.225,7,15881,4.14358e+009
TF1706,11:00:04.0,99.22,4173,99.22,10,99.225,2,15881,4.14358e+009
TF1706,11:00:04.500,99.22,4173,99.22,10,99.225,2,15881,4.14358e+009
TF1706,11:00:05.500,99.22,4174,99.22,9,99.225,2,15881,4.14457e+009
TF1706,11:00:07.0,99.23,4177,99.22,9,99.23,2,15883,4.14755e+009
TF1706,11:00:08.0,99.23,4177,99.22,9,99.23,6,15883,4.14755e+009
TF1706,11:00:08.500,99.23,4177,99.22,9,99.23,2,15883,4.14755e+009
TF1706,11:00:11.500,99.23,4177,99.22,9,99.23,2,15883,4.14755e+009
TF1706,11:00:12.0,99.23,4177,99.22,9,99.23,3,15883,4.14755e+009
TF1706,11:00:12.500,99.23,4177,99.22,9,99.23,3,15883,4.14755e+009
TF1706,11:00:13.0,99.23,4177,99.225,1,99.23,4,15883,4.14755e+009
TF1706,11:00:13.500,99.23,4178,99.225,7,99.23,3,15884,4.14854e+009
TF1706,11:00:14.0,99.23,4178,99.225,7,99.23,3,15884,4.14854e+009
TF1706,11:00:14.500,99.225,4179,99.225,8,99.23,3,15885,4.14954e+009
TF1706,11:00:15.0,99.225,4179,99.225,8,99.23,3,15885,4.14954e+009
TF1706,11:00:15.500,99.225,4179,99.225,10,99.23,7,15885,4.14954e+009
TF1706,11:00:17.0,99.225,4179,99.225,10,99.23,7,15885,4.14954e+009
TF1706,11:00:17.500,99.225,4179,99.225,10,99.23,3,15885,4.14954e+009
TF1706,11:00:18.0,99.23,4180,99.225,10,99.23,2,15884,4.15053e+009
TF1706,11:00:18.500,99.23,4180,99.225,10,99.23,5,15884,4.15053e+009
TF1706,11:00:22.500,99.225,4182,99.225,8,99.23,1,15885,4.15251e+009
TF1706,11:00:23.0,99.225,4182,99.225,8,99.23,1,15885,4.15251e+009
TF1706,11:00:23.500,99.225,4182,99.225,8,99.23,1,15885,4.15251e+009
TF1706,11:00:24.0,99.225,4182,99.225,9,99.23,1,15885,4.15251e+009
TF1706,11:00:25.0,99.225,4182,99.225,9,99.23,1,15885,4.15251e+009
TF1706,11:00:28.0,99.225,4182,99.225,9,99.23,2,15885,4.15251e+009
TF1706,11:00:28.500,99.23,4183,99.225,9,99.23,1,15885,4.1535e+009
TF1706,11:00:29.0,99.23,4183,99.225,9,99.23,1,15885,4.1535e+009
TF1706,11:00:30.0,99.23,4184,99.23,1,99.235,5,15885,4.1545e+009
TF1706,11:00:30.500,99.23,4184,99.23,5,99.235,5,15885,4.1545e+009
TF1706,11:00:31.500,99.23,4184,99.23,7,99.235,5,15885,4.1545e+009
TF1706,11:00:32.0,99.23,4189,99.23,2,99.235,5,15885,4.15946e+009
TF1706,11:00:32.500,99.23,4191,99.23,2,99.235,5,15887,4.16144e+009
TF1706,11:00:33.500,99.23,4191,99.23,3,99.235,5,15887,4.16144e+009
TF1706,11:00:34.500,99.23,4191,99.23,3,99.235,1,15887,4.16144e+009
TF1706,11:00:35.0,99.235,4192,99.235,1,99.24,4,15887,4.16244e+009
TF1706,11:00:35.500,99.235,4192,99.235,3,99.24,8,15887,4.16244e+009
TF1706,11:00:38.500,99.235,4192,99.235,3,99.24,8,15887,4.16244e+009
TF1706,11:00:39.0,99.235,4192,99.235,3,99.24,8,15887,4.16244e+009
TF1706,11:00:42.500,99.235,4192,99.235,3,99.24,8,15887,4.16244e+009
TF1706,11:00:43.0,99.235,4192,99.235,2,99.24,4,15887,4.16244e+009
TF1706,11:00:43.500,99.235,4192,99.235,2,99.24,8,15887,4.16244e+009
TF1706,11:00:44.500,99.235,4192,99.235,2,99.24,8,15887,4.16244e+009
TF1706,11:00:46.500,99.235,4192,99.235,2,99.24,8,15887,4.16244e+009
TF1706,11:00:47.0,99.235,4192,99.235,2,99.24,4,15887,4.16244e+009
TF1706,11:00:48.500,99.24,4193,99.235,2,99.24,3,15888,4.16343e+009
TF1706,11:00:49.0,99.24,4193,99.235,2,99.24,2,15888,4.16343e+009
TF1706,11:00:54.0,99.24,4195,99.235,2,99.245,3,15887,4.16541e+009
TF1706,11:00:54.500,99.24,4195,99.235,2,99.245,3,15887,4.16541e+009
TF1706,11:00:55.500,99.235,4198,99.23,1,99.24,1,15888,4.16839e+009
TF1706,11:00:56.0,99.235,4198,99.23,1,99.235,1,15888,4.16839e+009
TF1706,11:00:56.500,99.235,4198,99.23,1,99.24,1,15888,4.16839e+009
TF1706,11:00:57.0,99.235,4198,99.23,1,99.24,5,15888,4.16839e+009
TF1706,11:00:57.500,99.235,4198,99.23,1,99.235,10,15888,4.16839e+009
TF1706,11:00:58.0,99.235,4198,99.23,1,99.235,3,15888,4.16839e+009
TF1706,11:00:58.500,99.235,4198,99.23,1,99.235,1,15888,4.16839e+009
TF1706,11:01:00.0,99.235,4198,99.23,1,99.24,6,15888,4.16839e+009
TF1706,11:01:00.500,99.235,4198,99.23,1,99.24,6,15888,4.16839e+009
TF1706,11:01:01.500,99.235,4198,99.23,2,99.235,1,15888,4.16839e+009
TF1706,11:01:02.0,99.235,4198,99.23,2,99.235,1,15888,4.16839e+009
TF1706,11:01:02.500,99.235,4198,99.23,3,99.235,1,15888,4.16839e+009
TF1706,11:01:03.500,99.235,4199,99.23,4,99.24,6,15887,4.16938e+009
TF1706,11:01:04.0,99.235,4199,99.23,4,99.24,6,15887,4.16938e+009
TF1706,11:01:04.500,99.235,4199,99.23,4,99.24,2,15887,4.16938e+009
TF1706,11:01:05.500,99.235,4199,99.23,4,99.24,6,15887,4.16938e+009
TF1706,11:01:07.0,99.235,4199,99.235,1,99.24,6,15887,4.16938e+009
TF1706,11:01:09.0,99.235,4199,99.235,1,99.24,6,15887,4.16938e+009
TF1706,11:01:09.500,99.235,4199,99.235,2,99.24,6,15887,4.16938e+009
TF1706,11:01:10.0,99.235,4199,99.235,2,99.24,2,15887,4.16938e+009
TF1706,11:01:14.0,99.235,4199,99.235,2,99.24,6,15887,4.16938e+009
TF1706,11:01:17.500,99.235,4199,99.235,2,99.24,2,15887,4.16938e+009
TF1706,11:01:21.0,99.23,4204,99.23,2,99.24,7,15885,4.17434e+009
TF1706,11:01:21.500,99.24,4206,99.235,5,99.24,5,15884,4.17633e+009
TF1706,11:01:22.0,99.24,4206,99.23,2,99.24,5,15884,4.17633e+009
TF1706,11:01:22.500,99.24,4206,99.235,1,99.24,5,15884,4.17633e+009
TF1706,11:01:23.500,99.24,4206,99.235,1,99.24,5,15884,4.17633e+009
TF1706,11:01:25.500,99.24,4209,99.235,1,99.24,2,15884,4.17931e+009
TF1706,11:01:26.0,99.24,4211,99.24,2,99.245,3,15884,4.18129e+009
TF1706,11:01:26.500,99.24,4212,99.24,4,99.245,7,15885,4.18228e+009
TF1706,11:01:27.0,99.24,4216,99.235,2,99.245,7,15884,4.18625e+009
TF1706,11:01:27.500,99.24,4216,99.235,2,99.245,7,15884,4.18625e+009
TF1706,11:01:31.500,99.24,4216,99.235,2,99.245,7,15884,4.18625e+009
TF1706,11:01:33.500,99.24,4216,99.235,3,99.245,3,15884,4.18625e+009
TF1706,11:01:40.0,99.24,4216,99.24,1,99.245,3,15884,4.18625e+009
TF1706,11:01:40.500,99.245,4219,99.245,8,99.25,7,15887,4.18923e+009
TF1706,11:01:41.0,99.245,4219,99.245,1,99.25,7,15887,4.18923e+009
TF1706,11:01:41.500,99.25,4220,99.245,1,99.25,2,15888,4.19022e+009
TF1706,11:01:42.0,99.245,4221,99.24,1,99.245,1,15887,4.19121e+009
TF1706,11:01:42.500,99.245,4221,99.24,2,99.245,1,15887,4.19121e+009
TF1706,11:01:43.0,99.245,4221,99.24,2,99.245,1,15887,4.19121e+009
TF1706,11:01:43.500,99.235,4224,99.235,1,99.24,1,15884,4.19419e+009
TF1706,11:01:44.0,99.235,4224,99.235,2,99.24,1,15884,4.19419e+009
TF1706,11:01:44.500,99.235,4224,99.235,2,99.24,1,15884,4.19419e+009
TF1706,11:01:45.0,99.24,4225,99.24,3,99.245,2,15884,4.19518e+009
TF1706,11:01:45.500,99.24,4225,99.235,2,99.245,2,15884,4.19518e+009
TF1706,11:01:46.0,99.245,4227,99.245,3,99.25,2,15884,4.19717e+009
TF1706,11:01:46.500,99.245,4230,99.24,3,99.25,2,15881,4.20015e+009
TF1706,11:01:47.0,99.245,4230,99.24,3,99.245,1,15881,4.20015e+009
TF1706,11:01:47.500,99.245,4231,99.245,1,99.25,6,15880,4.20114e+009
TF1706,11:01:48.0,99.245,4231,99.24,3,99.25,6,15880,4.20114e+009
TF1706,11:01:48.500,99.245,4231,99.24,3,99.25,2,15880,4.20114e+009
TF1706,11:01:49.0,99.245,4231,99.24,4,99.25,2,15880,4.20114e+009
TF1706,11:01:49.500,99.245,4231,99.24,4,99.25,6,15880,4.20114e+009
TF1706,11:01:50.0,99.245,4231,99.24,4,99.25,6,15880,4.20114e+009
TF1706,11:01:51.500,99.25,4234,99.24,4,99.25,4,15881,4.20412e+009
TF1706,11:01:53.0,99.25,4234,99.24,4,99.25,5,15881,4.20412e+009
TF1706,11:01:54.500,99.25,4234,99.24,4,99.25,1,15881,4.20412e+009
TF1706,11:01:55.0,99.25,4234,99.24,4,99.25,1,15881,4.20412e+009
TF1706,11:01:55.500,99.25,4234,99.24,2,99.25,1,15881,4.20412e+009
TF1706,11:01:56.0,99.25,4234,99.24,2,99.25,1,15881,4.20412e+009
TF1706,11:01:56.500,99.25,4234,99.24,2,99.25,1,15881,4.20412e+009
TF1706,11:01:57.0,99.25,4234,99.24,2,99.25,1,15881,4.20412e+009
TF1706,11:02:00.500,99.24,4235,99.24,1,99.25,1,15881,4.20511e+009
TF1706,11:02:01.0,99.24,4235,99.24,1,99.25,2,15881,4.20511e+009
TF1706,11:02:03.0,99.24,4235,99.24,1,99.25,2,15881,4.20511e+009
TF1706,11:02:04.0,99.24,4235,99.24,1,99.25,2,15881,4.20511e+009
TF1706,11:02:05.0,99.24,4235,99.24,1,99.25,3,15881,4.20511e+009
TF1706,11:02:06.0,99.24,4235,99.24,1,99.25,3,15881,4.20511e+009
TF1706,11:02:07.500,99.24,4235,99.24,1,99.25,3,15881,4.20511e+009
TF1706,11:02:09.0,99.24,4235,99.24,1,99.25,3,15881,4.20511e+009
TF1706,11:02:09.500,99.24,4235,99.24,1,99.245,5,15881,4.20511e+009
TF1706,11:02:10.0,99.24,4235,99.24,1,99.245,1,15881,4.20511e+009
TF1706,11:02:11.500,99.24,4235,99.24,2,99.245,1,15881,4.20511e+009
TF1706,11:02:12.0,99.245,4236,99.245,2,99.25,3,15882,4.2061e+009
TF1706,11:02:12.500,99.245,4236,99.245,1,99.25,3,15882,4.2061e+009
TF1706,11:02:13.0,99.245,4236,99.245,1,99.25,3,15882,4.2061e+009
TF1706,11:02:17.0,99.245,4236,99.245,1,99.25,3,15882,4.2061e+009
TF1706,11:02:17.500,99.245,4236,99.24,2,99.25,3,15882,4.2061e+009
TF1706,11:02:18.500,99.245,4236,99.24,2,99.25,3,15882,4.2061e+009
TF1706,11:02:19.0,99.245,4236,99.24,2,99.25,3,15882,4.2061e+009
TF1706,11:02:20.0,99.245,4236,99.24,2,99.25,3,15882,4.2061e+009
TF1706,11:02:23.0,99.245,4236,99.24,2,99.25,3,15882,4.2061e+009
TF1706,11:02:27.500,99.245,4236,99.24,6,99.25,3,15882,4.2061e+009
TF1706,11:02:36.500,99.245,4236,99.24,2,99.25,3,15882,4.2061e+009
TF1706,11:02:37.500,99.245,4236,99.24,2,99.25,3,15882,4.2061e+009
TF1706,11:02:38.0,99.245,4236,99.24,2,99.25,3,15882,4.2061e+009
TF1706,11:02:39.0,99.245,4236,99.24,2,99.25,3,15882,4.2061e+009
TF1706,11:02:40.0,99.245,4236,99.24,2,99.25,3,15882,4.2061e+009
TF1706,11:02:40.500,99.245,4236,99.24,2,99.25,7,15882,4.2061e+009
TF1706,11:02:42.500,99.245,4236,99.24,2,99.25,3,15882,4.2061e+009
TF1706,11:02:43.0,99.245,4236,99.24,2,99.25,3,15882,4.2061e+009
TF1706,11:02:50.0,99.245,4236,99.24,2,99.25,3,15882,4.2061e+009
TF1706,11:02:51.0,99.245,4236,99.24,2,99.25,3,15882,4.2061e+009
TF1706,11:02:51.500,99.245,4236,99.24,2,99.25,3,15882,4.2061e+009
TF1706,11:02:52.500,99.245,4236,99.24,2,99.25,3,15882,4.2061e+009
TF1706,11:02:53.0,99.245,4236,99.24,2,99.25,3,15882,4.2061e+009
TF1706,11:02:57.0,99.245,4236,99.24,2,99.25,3,15882,4.2061e+009
TF1706,11:02:59.0,99.245,4236,99.24,3,99.25,3,15882,4.2061e+009
TF1706,11:03:00.0,99.245,4236,99.245,1,99.25,3,15882,4.2061e+009
TF1706,11:03:01.0,99.245,4236,99.245,1,99.25,2,15882,4.2061e+009
TF1706,11:03:01.500,99.245,4236,99.245,2,99.25,4,15882,4.2061e+009
TF1706,11:03:02.500,99.245,4236,99.245,2,99.25,4,15882,4.2061e+009
TF1706,11:03:03.0,99.25,4240,99.25,2,99.255,3,15881,4.21007e+009
TF1706,11:03:03.500,99.25,4241,99.245,2,99.255,4,15880,4.21106e+009
TF1706,11:03:04.0,99.25,4241,99.245,2,99.255,4,15880,4.21106e+009
TF1706,11:03:04.500,99.25,4241,99.245,2,99.255,4,15880,4.21106e+009
TF1706,11:03:08.0,99.25,4241,99.245,1,99.255,4,15880,4.21106e+009
TF1706,11:03:08.500,99.25,4241,99.245,1,99.25,6,15880,4.21106e+009
TF1706,11:03:09.0,99.25,4241,99.245,1,99.255,4,15880,4.21106e+009
TF1706,11:03:11.0,99.25,4241,99.245,1,99.255,8,15880,4.21106e+009
TF1706,11:03:11.500,99.25,4241,99.245,1,99.255,4,15880,4.21106e+009
TF1706,11:03:18.0,99.25,4241,99.245,1,99.255,4,15880,4.21106e+009
TF1706,11:03:18.500,99.25,4241,99.245,1,99.255,4,15880,4.21106e+009
TF1706,11:03:29.0,99.245,4242,99.24,5,99.255,4,15879,4.21206e+009
TF1706,11:03:29.500,99.245,4242,99.24,8,99.245,4,15879,4.21206e+009
TF1706,11:03:30.0,99.24,4247,99.235,3,99.25,1,15882,4.21702e+009
TF1706,11:03:30.500,99.24,4248,99.235,3,99.24,3,15882,4.21801e+009
TF1706,11:03:31.500,99.235,4252,99.23,4,99.24,2,15883,4.22198e+009
TF1706,11:03:32.0,99.24,4254,99.24,1,99.245,2,15882,4.22396e+009
TF1706,11:03:32.500,99.24,4254,99.24,1,99.245,3,15882,4.22396e+009
TF1706,11:03:33.0,99.24,4254,99.24,1,99.245,3,15882,4.22396e+009
TF1706,11:03:35.0,99.24,4254,99.24,1,99.245,3,15882,4.22396e+009
TF1706,11:03:36.0,99.24,4255,99.235,3,99.245,3,15881,4.22496e+009
TF1706,11:03:36.500,99.24,4255,99.235,3,99.24,3,15881,4.22496e+009
TF1706,11:03:37.0,99.24,4256,99.235,3,99.245,3,15881,4.22595e+009
TF1706,11:03:37.500,99.24,4256,99.235,3,99.24,3,15881,4.22595e+009
TF1706,11:03:38.0,99.24,4256,99.235,3,99.245,3,15881,4.22595e+009
TF1706,11:03:41.500,99.24,4256,99.235,1,99.245,3,15881,4.22595e+009
TF1706,11:03:42.0,99.24,4256,99.235,2,99.24,3,15881,4.22595e+009
TF1706,11:03:42.500,99.24,4256,99.235,2,99.24,1,15881,4.22595e+009
TF1706,11:03:43.0,99.24,4256,99.235,2,99.24,1,15881,4.22595e+009
TF1706,11:03:46.500,99.24,4256,99.235,1,99.24,1,15881,4.22595e+009
TF1706,11:03:47.500,99.24,4256,99.235,11,99.24,1,15881,4.22595e+009
TF1706,11:03:48.0,99.24,4256,99.24,9,99.245,3,15881,4.22595e+009
TF1706,11:03:48.500,99.24,4256,99.24,4,99.245,3,15881,4.22595e+009
TF1706,11:03:51.0,99.24,4256,99.24,4,99.245,4,15881,4.22595e+009
TF1706,11:03:58.0,99.24,4256,99.24,2,99.245,4,15881,4.22595e+009
TF1706,11:03:59.0,99.245,4257,99.235,11,99.245,3,15881,4.22694e+009
TF1706,11:03:59.500,99.245,4257,99.24,1,99.245,3,15881,4.22694e+009
TF1706,11:04:03.0,99.245,4257,99.24,1,99.245,2,15881,4.22694e+009
TF1706,11:04:03.500,99.245,4257,99.24,2,99.245,2,15881,4.22694e+009
TF1706,11:04:04.0,99.245,4257,99.24,2,99.245,1,15881,4.22694e+009
TF1706,11:04:13.0,99.245,4257,99.24,2,99.245,2,15881,4.22694e+009
TF1706,11:04:33.0,99.245,4257,99.24,2,99.245,2,15881,4.22694e+009
TF1706,11:04:33.500,99.245,4257,99.24,2,99.245,7,15881,4.22694e+009
TF1706,11:04:34.0,99.245,4257,99.24,1,99.245,7,15881,4.22694e+009
TF1706,11:04:34.500,99.24,4258,99.235,14,99.24,2,15880,4.22793e+009
TF1706,11:04:35.0,99.24,4260,99.235,14,99.245,7,15879,4.22992e+009
TF1706,11:04:36.0,99.24,4260,99.235,11,99.245,7,15879,4.22992e+009
TF1706,11:04:39.500,99.24,4260,99.235,11,99.245,7,15879,4.22992e+009
TF1706,11:04:40.0,99.24,4260,99.235,11,99.245,3,15879,4.22992e+009
TF1706,11:04:40.500,99.24,4260,99.24,1,99.245,3,15879,4.22992e+009
TF1706,11:04:44.0,99.24,4260,99.24,1,99.245,2,15879,4.22992e+009
TF1706,11:04:44.500,99.24,4260,99.24,2,99.245,2,15879,4.22992e+009
TF1706,11:04:45.500,99.24,4260,99.24,2,99.245,2,15879,4.22992e+009
TF1706,11:04:47.0,99.24,4260,99.24,2,99.245,2,15879,4.22992e+009
TF1706,11:04:49.500,99.24,4260,99.24,5,99.245,2,15879,4.22992e+009
TF1706,11:04:54.500,99.24,4260,99.24,2,99.245,2,15879,4.22992e+009
TF1706,11:04:58.500,99.24,4260,99.24,5,99.245,2,15879,4.22992e+009
TF1706,11:04:59.500,99.24,4260,99.24,5,99.245,3,15879,4.22992e+009
TF1706,11:05:00.500,99.24,4260,99.24,5,99.245,7,15879,4.22992e+009
TF1706,11:05:01.0,99.24,4260,99.24,4,99.245,7,15879,4.22992e+009
TF1706,11:05:03.500,99.24,4260,99.24,1,99.245,7,15879,4.22992e+009
TF1706,11:05:07.500,99.24,4260,99.24,4,99.245,7,15879,4.22992e+009
TF1706,11:05:12.500,99.24,4260,99.24,1,99.245,7,15879,4.22992e+009
TF1706,11:05:13.0,99.24,4260,99.24,1,99.245,6,15879,4.22992e+009
TF1706,11:05:14.0,99.24,4260,99.24,1,99.245,6,15879,4.22992e+009
TF1706,11:05:16.500,99.245,4263,99.24,1,99.245,3,15877,4.2329e+009
TF1706,11:05:17.0,99.24,4265,99.235,12,99.245,3,15875,4.23488e+009
TF1706,11:05:26.500,99.24,4265,99.235,12,99.245,3,15875,4.23488e+009
TF1706,11:05:29.500,99.24,4265,99.235,12,99.245,4,15875,4.23488e+009
TF1706,11:05:30.0,99.24,4265,99.235,12,99.245,4,15875,4.23488e+009
TF1706,11:05:30.500,99.24,4265,99.24,1,99.245,4,15875,4.23488e+009
TF1706,11:05:34.500,99.24,4265,99.24,1,99.245,4,15875,4.23488e+009
TF1706,11:05:35.0,99.24,4266,99.24,1,99.245,4,15875,4.23587e+009
TF1706,11:05:35.500,99.24,4267,99.235,15,99.245,4,15875,4.23687e+009
TF1706,11:05:36.0,99.24,4267,99.235,12,99.245,4,15875,4.23687e+009
TF1706,11:05:36.500,99.24,4267,99.235,12,99.24,1,15875,4.23687e+009
TF1706,11:05:37.0,99.24,4267,99.235,12,99.24,2,15875,4.23687e+009
TF1706,11:05:37.500,99.24,4269,99.235,12,99.24,4,15875,4.23885e+009
TF1706,11:05:38.0,99.24,4269,99.235,12,99.245,4,15875,4.23885e+009
TF1706,11:05:38.500,99.24,4269,99.235,12,99.245,6,15875,4.23885e+009
TF1706,11:05:39.500,99.24,4269,99.235,12,99.245,6,15875,4.23885e+009
TF1706,11:05:40.500,99.24,4269,99.235,12,99.245,6,15875,4.23885e+009
TF1706,11:05:45.500,99.24,4269,99.235,12,99.245,6,15875,4.23885e+009
TF1706,11:05:47.0,99.235,4270,99.235,11,99.245,6,15875,4.23984e+009
TF1706,11:05:47.500,99.235,4270,99.235,11,99.24,1,15875,4.23984e+009
TF1706,11:05:48.0,99.235,4271,99.235,10,99.24,1,15876,4.24084e+009
TF1706,11:05:48.500,99.235,4271,99.235,13,99.24,2,15876,4.24084e+009
TF1706,11:05:51.500,99.235,4272,99.235,12,99.24,3,15877,4.24183e+009
TF1706,11:05:54.500,99.235,4272,99.235,9,99.24,4,15877,4.24183e+009
TF1706,11:05:55.0,99.24,4275,99.235,9,99.24,1,15877,4.24481e+009
TF1706,11:05:56.0,99.24,4275,99.235,9,99.245,6,15877,4.24481e+009
TF1706,11:05:58.500,99.24,4275,99.24,3,99.245,6,15877,4.24481e+009
TF1706,11:05:59.0,99.235,4279,99.235,8,99.24,5,15875,4.24877e+009
TF1706,11:05:59.500,99.235,4281,99.235,6,99.24,5,15875,4.25076e+009
TF1706,11:06:00.0,99.235,4281,99.235,6,99.24,9,15875,4.25076e+009
TF1706,11:06:00.500,99.235,4284,99.235,3,99.24,9,15878,4.25374e+009
TF1706,11:06:01.0,99.235,4287,99.23,3,99.24,9,15878,4.25671e+009
TF1706,11:06:01.500,99.235,4287,99.23,3,99.24,9,15878,4.25671e+009
TF1706,11:06:02.0,99.235,4287,99.23,3,99.235,1,15878,4.25671e+009
TF1706,11:06:02.500,99.23,4290,99.225,6,99.235,3,15881,4.25969e+009
TF1706,11:06:03.0,99.23,4290,99.225,6,99.235,3,15881,4.25969e+009
TF1706,11:06:04.0,99.23,4290,99.225,6,99.235,7,15881,4.25969e+009
TF1706,11:06:04.500,99.23,4290,99.225,6,99.235,3,15881,4.25969e+009
TF1706,11:06:05.0,99.23,4290,99.225,6,99.235,3,15881,4.25969e+009
TF1706,11:06:05.500,99.23,4294,99.23,5,99.24,2,15880,4.26366e+009
TF1706,11:06:06.0,99.23,4294,99.23,3,99.24,6,15880,4.26366e+009
TF1706,11:06:06.500,99.23,4294,99.23,4,99.24,6,15880,4.26366e+009
TF1706,11:06:07.0,99.23,4294,99.23,4,99.24,7,15880,4.26366e+009
TF1706,11:06:08.0,99.23,4294,99.23,3,99.24,7,15880,4.26366e+009
TF1706,11:06:08.500,99.23,4294,99.23,4,99.24,7,15880,4.26366e+009
TF1706,11:06:09.0,99.23,4294,99.23,4,99.24,7,15880,4.26366e+009
TF1706,11:06:11.0,99.23,4294,99.23,4,99.24,8,15880,4.26366e+009
TF1706,11:06:11.500,99.23,4294,99.23,4,99.24,8,15880,4.26366e+009
TF1706,11:06:12.0,99.24,4298,99.23,4,99.24,4,15882,4.26763e+009
TF1706,11:06:12.500,99.24,4298,99.235,1,99.24,2,15882,4.26763e+009
TF1706,11:06:13.0,99.24,4298,99.235,2,99.24,2,15882,4.26763e+009
TF1706,11:06:13.500,99.24,4298,99.235,3,99.24,2,15882,4.26763e+009
TF1706,11:06:14.0,99.24,4298,99.235,3,99.24,2,15882,4.26763e+009
TF1706,11:06:16.500,99.24,4300,99.24,2,99.245,2,15882,4.26961e+009
TF1706,11:06:17.0,99.24,4300,99.24,2,99.245,2,15882,4.26961e+009
TF1706,11:06:17.500,99.24,4300,99.24,2,99.245,2,15882,4.26961e+009
TF1706,11:06:19.500,99.24,4300,99.24,2,99.245,2,15882,4.26961e+009
TF1706,11:06:20.500,99.24,4300,99.24,2,99.245,1,15882,4.26961e+009
TF1706,11:06:21.0,99.24,4302,99.235,3,99.245,1,15882,4.2716e+009
TF1706,11:06:21.500,99.24,4302,99.235,3,99.245,5,15882,4.2716e+009
TF1706,11:06:22.0,99.24,4302,99.235,3,99.245,1,15882,4.2716e+009
TF1706,11:06:22.500,99.24,4302,99.24,1,99.245,1,15882,4.2716e+009
TF1706,11:06:23.0,99.24,4302,99.24,2,99.245,5,15882,4.2716e+009
TF1706,11:06:24.500,99.24,4302,99.24,2,99.245,1,15882,4.2716e+009
TF1706,11:06:25.0,99.24,4302,99.24,2,99.245,1,15882,4.2716e+009
TF1706,11:06:25.500,99.24,4302,99.24,2,99.245,1,15882,4.2716e+009
TF1706,11:06:26.0,99.24,4302,99.24,2,99.245,1,15882,4.2716e+009
TF1706,11:06:26.500,99.245,4304,99.24,3,99.245,3,15881,4.27358e+009
TF1706,11:06:27.0,99.245,4304,99.24,2,99.255,4,15881,4.27358e+009
TF1706,11:06:27.500,99.245,4304,99.24,2,99.25,3,15881,4.27358e+009
TF1706,11:06:28.0,99.245,4304,99.24,2,99.25,4,15881,4.27358e+009
TF1706,11:06:34.500,99.245,4304,99.24,2,99.25,4,15881,4.27358e+009
TF1706,11:06:36.0,99.245,4304,99.24,2,99.25,4,15881,4.27358e+009
TF1706,11:06:37.0,99.24,4305,99.24,1,99.25,4,15882,4.27458e+009
TF1706,11:06:38.0,99.24,4305,99.24,1,99.25,4,15882,4.27458e+009
TF1706,11:06:39.500,99.24,4305,99.24,1,99.25,4,15882,4.27458e+009
TF1706,11:06:45.0,99.24,4305,99.24,1,99.25,4,15882,4.27458e+009
TF1706,11:06:47.0,99.24,4305,99.24,2,99.25,4,15882,4.27458e+009
TF1706,11:06:48.0,99.24,4305,99.245,9,99.25,4,15882,4.27458e+009
TF1706,11:06:48.500,99.24,4305,99.245,9,99.25,4,15882,4.27458e+009
TF1706,11:06:49.0,99.24,4305,99.245,9,99.25,3,15882,4.27458e+009
TF1706,11:06:53.0,99.24,4305,99.245,9,99.25,1,15882,4.27458e+009
TF1706,11:06:53.500,99.245,4315,99.24,2,99.255,4,15882,4.2845e+009
TF1706,11:06:54.0,99.245,4315,99.24,2,99.25,1,15882,4.2845e+009
TF1706,11:06:54.500,99.245,4315,99.24,2,99.25,2,15882,4.2845e+009
TF1706,11:06:59.500,99.245,4315,99.24,2,99.25,2,15882,4.2845e+009
TF1706,11:07:03.0,99.24,4317,99.235,25,99.25,5,15881,4.28649e+009
TF1706,11:07:03.500,99.24,4317,99.24,1,99.245,7,15881,4.28649e+009
TF1706,11:07:04.0,99.245,4318,99.24,1,99.245,8,15882,4.28748e+009
TF1706,11:07:04.500,99.245,4318,99.24,1,99.245,8,15882,4.28748e+009
TF1706,11:07:05.0,99.245,4318,99.24,1,99.245,1,15882,4.28748e+009
TF1706,11:07:11.0,99.245,4318,99.24,2,99.245,1,15882,4.28748e+009
TF1706,11:07:16.0,99.245,4318,99.24,3,99.25,3,15882,4.28748e+009
TF1706,11:07:16.500,99.245,4318,99.24,3,99.25,3,15882,4.28748e+009
TF1706,11:07:27.0,99.245,4318,99.24,3,99.25,3,15882,4.28748e+009
TF1706,11:07:28.0,99.245,4318,99.24,3,99.25,3,15882,4.28748e+009
TF1706,11:07:28.500,99.245,4318,99.24,4,99.25,3,15882,4.28748e+009
TF1706,11:07:34.500,99.245,4318,99.24,4,99.25,3,15882,4.28748e+009
TF1706,11:07:35.500,99.245,4318,99.24,4,99.25,3,15882,4.28748e+009
TF1706,11:07:36.0,99.245,4318,99.24,4,99.25,3,15882,4.28748e+009
TF1706,11:07:39.0,99.245,4318,99.24,4,99.25,3,15882,4.28748e+009
TF1706,11:07:44.0,99.245,4318,99.24,4,99.25,3,15882,4.28748e+009
TF1706,11:07:47.0,99.245,4318,99.245,6,99.25,3,15882,4.28748e+009
TF1706,11:07:53.0,99.245,4318,99.24,4,99.25,3,15882,4.28748e+009
TF1706,11:07:55.500,99.245,4318,99.24,57,99.25,3,15882,4.28748e+009
TF1706,11:07:56.0,99.245,4318,99.245,8,99.25,3,15882,4.28748e+009
TF1706,11:07:56.500,99.245,4318,99.245,7,99.25,3,15882,4.28748e+009
TF1706,11:08:02.0,99.245,4318,99.245,4,99.25,3,15882,4.28748e+009
TF1706,11:08:02.500,99.245,4318,99.245,1,99.25,3,15882,4.28748e+009
TF1706,11:08:05.0,99.245,4318,99.245,7,99.25,3,15882,4.28748e+009
TF1706,11:08:05.500,99.245,4319,99.245,7,99.25,2,15881,4.28847e+009
TF1706,11:08:06.0,99.245,4319,99.245,7,99.25,2,15881,4.28847e+009
TF1706,11:08:11.0,99.245,4319,99.245,1,99.25,2,15881,4.28847e+009
TF1706,11:08:13.500,99.245,4320,99.24,57,99.245,2,15882,4.28946e+009
TF1706,11:08:14.0,99.245,4322,99.245,15,99.25,2,15882,4.29145e+009
TF1706,11:08:14.500,99.245,4322,99.245,10,99.25,2,15882,4.29145e+009
TF1706,11:08:15.0,99.245,4322,99.245,10,99.25,1,15882,4.29145e+009
TF1706,11:08:15.500,99.245,4322,99.245,10,99.25,1,15882,4.29145e+009
TF1706,11:08:16.0,99.245,4322,99.245,8,99.25,1,15882,4.29145e+009
TF1706,11:08:17.500,99.245,4330,99.24,57,99.245,2,15883,4.29939e+009
TF1706,11:08:18.0,99.245,4330,99.24,57,99.245,7,15883,4.29939e+009
TF1706,11:08:18.500,99.24,4333,99.24,54,99.245,7,15881,4.30236e+009
TF1706,11:08:19.500,99.24,4333,99.24,54,99.245,2,15881,4.30236e+009
TF1706,11:08:21.500,99.245,4335,99.24,54,99.25,2,15883,4.30435e+009
TF1706,11:08:22.0,99.245,4335,99.24,54,99.245,5,15883,4.30435e+009
TF1706,11:08:22.500,99.245,4335,99.24,54,99.245,5,15883,4.30435e+009
TF1706,11:08:27.500,99.245,4335,99.24,54,99.245,5,15883,4.30435e+009
TF1706,11:08:29.0,99.245,4335,99.24,54,99.245,5,15883,4.30435e+009
TF1706,11:08:32.500,99.245,4335,99.24,54,99.25,3,15883,4.30435e+009
TF1706,11:08:33.0,99.245,4335,99.24,54,99.25,3,15883,4.30435e+009
TF1706,11:08:34.500,99.245,4335,99.24,54,99.25,3,15883,4.30435e+009
TF1706,11:08:36.0,99.245,4335,99.24,54,99.25,3,15883,4.30435e+009
TF1706,11:08:39.500,99.245,4335,99.24,54,99.25,3,15883,4.30435e+009
TF1706,11:08:40.0,99.245,4335,99.24,34,99.25,3,15883,4.30435e+009
TF1706,11:08:41.500,99.245,4335,99.24,34,99.245,5,15883,4.30435e+009
TF1706,11:08:42.0,99.245,4335,99.24,34,99.25,3,15883,4.30435e+009
TF1706,11:08:42.500,99.245,4335,99.24,34,99.25,3,15883,4.30435e+009
